http://p3-raw.greenpeace.org/peru/es/Noticias/A-70-anos-de-Hiroshima-y-Nagasaki-recordemos-el-poder-de-la-paz/,"agosto 6, 2015 en 11:40"
http://p3-raw.greenpeace.org/peru/es/Noticias/Greenpeace-el-reinicio-de-la-planta-nuclear-de-Sendai-no-va-a-frenar-la-crisis-nuclear-en-Japon/,"agosto 12, 2015 en 11:24"
http://p3-raw.greenpeace.org/peru/es/Noticias/El-gobierno-ruso-violo-la-Ley-en-el-caso-de-los-activistas-presos-por-defender-el-Artico/,"agosto 27, 2015 en 14:08"
http://p3-raw.greenpeace.org/peru/es/Noticias/Medicos-sin-Fronteras-Hombres-y-mujeres-de-blanco/,"octubre 13, 2015 en 14:24"
http://p3-raw.greenpeace.org/peru/es/Noticias/Victoria-Obama-frena-las-exploraciones-en-el-Artico-hasta-2018/,"octubre 19, 2015 en 9:50"
http://p3-raw.greenpeace.org/peru/es/Noticias/Vietnam-abandona-el-uso-de-carbon-en-sus-futuros-planes-energeticos/,"enero 27, 2016 en 11:04"
http://p3-raw.greenpeace.org/peru/es/Noticias/Chernobyl-a-30-anos-del-desastre-nuclear/,"abril 26, 2016 en 10:18"
http://p3-raw.greenpeace.org/peru/es/Noticias/Seis-activistas-de-Greenpeace-escalan-una-plataforma-de-Shell/,"abril 6, 2015 en 15:08"
http://p3-raw.greenpeace.org/peru/es/Noticias/Lo-logramos-Victoria-para-los-Pandas-Gigantes-de-China/,"enero 12, 2016 en 11:21"
http://p3-raw.greenpeace.org/peru/es/Noticias/Una-batalla-ganada-remocion-de-desechos-toxicos-en-Budapest/,"enero 12, 2016 en 11:06"
http://p3-raw.greenpeace.org/peru/es/Foto-y-Videos/Videos/,"enero 22, 2015 en 5:55"
http://p3-raw.greenpeace.org/peru/es/Noticias/Reuniones-de-la-ONU-concluyen-con-un-avance-historico-para-la-proteccion-de-los-oceanos1/,"enero 26, 2015 en 10:47"
http://p3-raw.greenpeace.org/peru/es/Noticias/Los-seis-activistas-de-Greenpeace-abandonaron-la-plataforma-de-Shell/,"abril 13, 2015 en 8:06"
http://p3-raw.greenpeace.org/peru/es/Noticias/Activistas-indigenas-y-Greenpeace-Canada-confrontan-a-plataforma-de-Shell1/,"junio 18, 2015 en 12:35"
http://p3-raw.greenpeace.org/peru/es/Noticias/Greenpeace-celebra-la-publicacion-de-la-enciclica-del-Papa-Francisco-sobre-medio-ambiente/,"junio 18, 2015 en 13:01"
http://p3-raw.greenpeace.org/peru/es/Noticias/Seattle-Activistas-de-Greenpeace-impiden-salida-de-plataforma-petrolera-hacia-Alaska/,"junio 15, 2015 en 10:41"
http://p3-raw.greenpeace.org/peru/es/Noticias/Activistas-de-Greenpeace-suiza-bloquearon-la-venta-de-10-estaciones-de-servicio-Shell-en-Zurich/,"junio 30, 2015 en 11:08"
http://p3-raw.greenpeace.org/peru/es/Noticias/El-poder-judicial-una-nueva-herramienta-para-combatir-el-cambio-climatico/,"junio 30, 2015 en 11:35"
http://p3-raw.greenpeace.org/peru/es/Noticias/Escaladores-de-Greenpeace-bloquean-buque-de-Shell/,"julio 29, 2015 en 11:26"
http://p3-raw.greenpeace.org/peru/es/Noticias/Conoce-las-celebridades-que-se-sumaron-a-nuestra-campana-para-defender-el-Artico/,"julio 31, 2015 en 10:45"
http://p3-raw.greenpeace.org/peru/es/sobre-nosotros/,"mayo 28, 2011 en 13:45"
http://p3-raw.greenpeace.org/peru/es/sobre-nosotros/Nuestra-Historia/,"noviembre 12, 2010 en 11:00"
http://p3-raw.greenpeace.org/peru/es/sobre-nosotros/Nuestras-Victorias/,"noviembre 29, 2010 en 14:08"
http://p3-raw.greenpeace.org/peru/es/sobre-nosotros/barcos/,"septiembre 12, 2008 en 6:58"
http://p3-raw.greenpeace.org/peru/es/Foto-y-Videos/,"enero 22, 2015 en 5:46"
http://p3-raw.greenpeace.org/peru/es/Noticias/,"enero 21, 2015 en 10:56"
http://p3-raw.greenpeace.org/peru/es/Noticias/Greenpeace-se-disculpa-sin-reservas-sobre-la-protesta-llevada-a-cabo-en-las-lineas-de-Nasca/,"diciembre 11, 2014 en 8:20"
http://p3-raw.greenpeace.org/peru/es/sobre-nosotros/barcos/Rainbow-Warrior/,"noviembre 24, 2010 en 17:37"
http://p3-raw.greenpeace.org/peru/es/sobre-nosotros/barcos/arctic-sunrise/Especificaciones-Tecnicas/,"diciembre 12, 2010 en 21:42"
http://p3-raw.greenpeace.org/peru/es/sobre-nosotros/barcos/mv-esperanza/Especificaciones-Tecnicas/,"diciembre 12, 2010 en 22:08"
http://p3-raw.greenpeace.org/peru/es/sobre-nosotros/barcos/Rainbow-Warrior/Especificaciones-tecnicas-del-Rainbow-Warrior-III/,"octubre 18, 2011 en 16:05"
http://p3-raw.greenpeace.org/peru/es/Foto-y-Videos/Videos/Greenpeace-nunca-debio-haber-hecho-la-actividad-en-las-Lineas-de-Nasca/,"enero 26, 2015 en 15:47"
http://p3-raw.greenpeace.org/peru/es/sobre-nosotros/preguntas-frecuentes/,"mayo 7, 2010 en 17:35"
http://p3-raw.greenpeace.org/peru/es/Noticias/Japon-Greenpeace-condena-la-partida-de-una-flota-ballenera/,"diciembre 2, 2015 en 11:24"
