http://p3-raw.greenpeace.org/slovenia/si/Medijsko-sredisce/zadnje-objave/komentar_koalicijske_pogodbe/,"julij 29, 2014 na 14:00"
http://p3-raw.greenpeace.org/slovenia/si/Medijsko-sredisce/zadnje-objave/Vlada-v-odhodu-uniuje-prihodnost-obnovljivih-virov-energije/,"september 3, 2014 na 12:29"
http://p3-raw.greenpeace.org/slovenia/si/Medijsko-sredisce/zadnje-objave/Odgovor-na-objavljene-izjave-GZS-v-lanku-GZS-Fotovoltaika-je-lahko-novi-Te-6-v-Delu-dne-4-9-2014/,"september 9, 2014 na 12:26"
http://p3-raw.greenpeace.org/slovenia/si/Medijsko-sredisce/informativna-gradiva/Poroilo-Priklenjeni/,"oktober 9, 2014 na 9:55"
http://p3-raw.greenpeace.org/slovenia/si/Medijsko-sredisce/zadnje-objave/Poroilo-Priklenjeni/,"oktober 9, 2014 na 10:02"
http://p3-raw.greenpeace.org/slovenia/si/Medijsko-sredisce/zadnje-objave/Vrh-EU-potrdil-podnebno-energetske-cilje-do-leta-2030/,"oktober 24, 2014 na 11:54"
http://p3-raw.greenpeace.org/slovenia/si/Medijsko-sredisce/zadnje-objave/Greenpeace-ob-ponovnih-poplavah-opozarja-Slovenija-potrebuje-podnebno-strategijo/,"november 7, 2014 na 12:05"
http://p3-raw.greenpeace.org/slovenia/si/Medijsko-sredisce/zadnje-objave/CO2-dajatve-so-nujne-a-denar-je-potrebno-usmeriti-v-zelene-investicije/,"december 5, 2014 na 11:44"
http://p3-raw.greenpeace.org/slovenia/si/Medijsko-sredisce/informativna-gradiva/Novoletne-zaobljube-za-zdravo-ivljenje-in-prijazno-podnebje/,"december 19, 2014 na 13:28"
http://p3-raw.greenpeace.org/slovenia/si/kaj-delamo/izberi-isto-energijo/Soncna-energija/,"avgust 11, 2014 na 15:30"
http://p3-raw.greenpeace.org/slovenia/si/Medijsko-sredisce/zadnje-objave/NEK-II-buri-duhove-Komentar-na-energetsko-konferenco-ENodmev-2016/,"februar 11, 2016 na 18:00"
http://p3-raw.greenpeace.org/slovenia/si/Medijsko-sredisce/zadnje-objave/Izgubljeno-zdravje-in-domovi-dediina-ernobila-in-Fukuime/,"marec 10, 2016 na 11:38"
http://p3-raw.greenpeace.org/slovenia/si/Medijsko-sredisce/zadnje-objave/Namesto-novih-premogovnih-projektov-odprava-svetovne-energetske-revine/,"marec 30, 2016 na 9:49"
http://p3-raw.greenpeace.org/slovenia/si/Medijsko-sredisce/zadnje-objave/Pariki-dogovor---Od-podpisa-k-ukrepanju/,"april 22, 2016 na 9:52"
http://p3-raw.greenpeace.org/slovenia/si/Medijsko-sredisce/zadnje-objave/IEA-Energija-in-onesnaenost-zraka/,"junij 28, 2016 na 11:41"
http://p3-raw.greenpeace.org/slovenia/si/Medijsko-sredisce/zadnje-objave/Onesnaenje-zraka-zaradi-premoga-ne-pozna-meja/,"julij 5, 2016 na 17:47"
http://p3-raw.greenpeace.org/slovenia/si/Medijsko-sredisce/zadnje-objave/Poslanci-naj-zavrnejo-sporazum-CETA/,"september 6, 2016 na 14:32"
http://p3-raw.greenpeace.org/slovenia/si/Medijsko-sredisce/zadnje-objave/Napad-na-odpravo-gasilcev-Greenpeacea-v-ruski-regiji-Krasnodar-/,"september 18, 2016 na 16:29"
http://p3-raw.greenpeace.org/slovenia/si/Medijsko-sredisce/zadnje-objave/Greenpeace-Nizozemska-razkrila-pogajalske-tekste-TiSE/,"september 20, 2016 na 10:53"
http://p3-raw.greenpeace.org/slovenia/si/Medijsko-sredisce/zadnje-objave/Prebivalci-kot-steber-energetske-tranzicije/,"september 28, 2016 na 10:53"
http://p3-raw.greenpeace.org/slovenia/si/Medijsko-sredisce/zadnje-objave/Kaj-pa-nae-podnebje/,"november 29, 2015 na 15:19"
http://p3-raw.greenpeace.org/slovenia/si/Medijsko-sredisce/zadnje-objave/Kolo-podnebnih-ukrepov-se-obraa-poasi-a-v-Parizu-se-je-obrnilo/,"december 13, 2015 na 12:00"
http://p3-raw.greenpeace.org/slovenia/si/Medijsko-sredisce/zadnje-objave/Nevarne-kemikalije-v-mnogih-znamkah-oblail-za-dejavnosti-na-prostem/,"januar 25, 2016 na 10:22"
http://p3-raw.greenpeace.org/slovenia/si/prostovoljstvo/Viri-in-materiali/,"januar 1, 2017 na 11:00"
http://p3-raw.greenpeace.org/slovenia/si/multimedija/Fotografije/,"september 14, 2011 na 15:59"
http://p3-raw.greenpeace.org/slovenia/si/multimedija/webcams/,"februar 22, 2010 na 14:34"
http://p3-raw.greenpeace.org/slovenia/si/Medijsko-sredisce/informativna-gradiva/,"marec 2, 2009 na 21:06"
http://p3-raw.greenpeace.org/slovenia/si/kaj-delamo/ustavi-podnebne-spremembe/_resimoarktiko/,"julij 2, 2013 na 11:00"
http://p3-raw.greenpeace.org/slovenia/si/kaj-delamo/_kemikalije/,"marec 22, 2012 na 9:00"
http://p3-raw.greenpeace.org/slovenia/si/kaj-delamo/jedrska/_fukusima/,"februar 27, 2012 na 19:00"
http://p3-raw.greenpeace.org/slovenia/si/kaj-delamo/jedrska/ernobil/,"april 8, 2016 na 17:23"
http://p3-raw.greenpeace.org/slovenia/si/kaj-delamo/_umazana_energija/,"maj 22, 2012 na 14:00"
http://p3-raw.greenpeace.org/slovenia/si/kaj-delamo/SOS-za-Jadran/,"marec 19, 2015 na 8:00"
http://p3-raw.greenpeace.org/slovenia/si/kaj-delamo/izberi-isto-energijo/,"september 20, 2009 na 11:24"
http://p3-raw.greenpeace.org/slovenia/si/kaj-delamo/reci-ne-genetskemu-in-eniringu/,"september 23, 2011 na 11:00"
http://p3-raw.greenpeace.org/slovenia/si/kaj-delamo/varuj-pragozdove/,"september 23, 2011 na 11:00"
http://p3-raw.greenpeace.org/slovenia/si/about/,"september 22, 2009 na 14:45"
http://p3-raw.greenpeace.org/slovenia/si/Medijsko-sredisce/,"september 9, 2011 na 19:03"
http://p3-raw.greenpeace.org/slovenia/si/Blog/,"oktober 13, 2011 na 17:20"
http://p3-raw.greenpeace.org/slovenia/si/prostovoljstvo/,"september 24, 2011 na 17:00"
http://p3-raw.greenpeace.org/slovenia/si/prostovoljstvo/Pridruzi-se/,"januar 1, 2017 na 11:10"
http://p3-raw.greenpeace.org/slovenia/si/kontakt/,"junij 3, 2010 na 14:22"
http://p3-raw.greenpeace.org/slovenia/si/kaj-delamo/jedrska/,"september 14, 2011 na 15:06"
http://p3-raw.greenpeace.org/slovenia/si/about/kratka-zgodovina/,"oktober 3, 2016 na 11:00"
http://p3-raw.greenpeace.org/slovenia/si/Medijsko-sredisce/zadnje-objave/_zustaviteTES11/,"januar 22, 2014 na 14:06"
http://p3-raw.greenpeace.org/slovenia/si/Medijsko-sredisce/zadnje-objave/_ministri/,"marec 4, 2014 na 12:30"
http://p3-raw.greenpeace.org/slovenia/si/Medijsko-sredisce/zadnje-objave/_obletnica/,"marec 11, 2014 na 11:03"
http://p3-raw.greenpeace.org/slovenia/si/Medijsko-sredisce/zadnje-objave/_Bratusek/,"marec 24, 2014 na 14:18"
http://p3-raw.greenpeace.org/slovenia/si/Medijsko-sredisce/zadnje-objave/Svet-EU-Rusiji-z-ljubeznijo-in-denarjem/,"marec 24, 2014 na 14:39"
http://p3-raw.greenpeace.org/slovenia/si/Medijsko-sredisce/informativna-gradiva/powER-2030-grid-report/,"marec 25, 2014 na 15:04"
http://p3-raw.greenpeace.org/slovenia/si/Medijsko-sredisce/zadnje-objave/EU-se-mora-odzvati-na-straljivo-poroilo-IPCC-o--posledicah-podnebnih-sprememb/,"marec 31, 2014 na 13:40"
http://p3-raw.greenpeace.org/slovenia/si/_Arhiv/photosvideo/Fotografije/,"september 14, 2011 na 15:59"
http://p3-raw.greenpeace.org/slovenia/si/_Arhiv/getinvolved/getinvolved/,"december 18, 2009 na 20:25"
http://p3-raw.greenpeace.org/slovenia/si/_Arhiv/_hubpage/,"oktober 1, 2011 na 12:00"
http://p3-raw.greenpeace.org/slovenia/si/kaj-delamo/brani-na-e-oceane/,"september 23, 2011 na 11:00"
http://p3-raw.greenpeace.org/slovenia/si/multimedija/Video/,"april 5, 2012 na 11:00"
http://p3-raw.greenpeace.org/slovenia/si/kaj-delamo/brani-na-e-oceane/Skupna-ribiska-politika/,"julij 17, 2012 na 13:49"
http://p3-raw.greenpeace.org/slovenia/si/kaj-delamo/ustavi-podnebne-spremembe/,"september 23, 2011 na 11:00"
http://p3-raw.greenpeace.org/slovenia/si/kaj-delamo/_kemikalije/Nae-aktivnosti/,"februar 4, 2016 na 11:00"
http://p3-raw.greenpeace.org/slovenia/si/Medijsko-sredisce/zadnje-objave/G7-v-Rimu/,"maj 6, 2014 na 13:31"
http://p3-raw.greenpeace.org/slovenia/si/Medijsko-sredisce/zadnje-objave/Rezultati-javnega-mnenja/,"junij 23, 2014 na 12:31"
http://p3-raw.greenpeace.org/slovenia/si/Medijsko-sredisce/zadnje-objave/Raziskava-javnega-menja-ve-kot-91--Slovencev-podpira-napredne-podnebno-energetske-cilje-EU/,"junij 23, 2014 na 13:17"
http://p3-raw.greenpeace.org/slovenia/si/Medijsko-sredisce/zadnje-objave/Stalia-politinih-strank-o-obnovljivhi-virih-in-jedrski-energiji/,"julij 10, 2014 na 15:43"
http://p3-raw.greenpeace.org/slovenia/si/Medijsko-sredisce/zadnje-objave/Rainbow-Warrior-v-Sloveniji-v-podporo-obnovljivim-virom-energije/,"julij 25, 2014 na 14:14"
http://p3-raw.greenpeace.org/slovenia/si/about/pogosto-zastavljena-vpra-anja/,"september 23, 2011 na 11:00"
http://p3-raw.greenpeace.org/slovenia/si/Medijsko-sredisce/zadnje-objave/RAZKRITO-58-milijard-EUR-skritih-subvencij-za-premog-plin-in-jedrsko-energijo/,"september 14, 2018 na 9:06"
http://p3-raw.greenpeace.org/slovenia/si/Medijsko-sredisce/zadnje-objave/PODNEBNI-ZNANSTVENIKI-STREZNILI-POLITIKE-/,"oktober 8, 2018 na 10:48"
http://p3-raw.greenpeace.org/slovenia/si/Medijsko-sredisce/zadnje-objave/Komisija-za-Antarktini-ocean-ni-uspela-izpolniti-svojega-mandata-glede-zaite-antarktinih-voda/,"november 2, 2018 na 20:33"
http://p3-raw.greenpeace.org/slovenia/si/Medijsko-sredisce/zadnje-objave/Predsednik-Pahor-sopodpisal-pobudo-evropskih-voditeljev-k-okrepitvi-podnebnih-ciljev/,"november 23, 2018 na 11:20"
http://p3-raw.greenpeace.org/slovenia/si/Medijsko-sredisce/zadnje-objave/Podnebni-pogajalci--kaj-pa-poari/,"december 7, 2018 na 9:40"
http://p3-raw.greenpeace.org/slovenia/si/Medijsko-sredisce/zadnje-objave/Zakljuek-podnebne-konference-COP24/,"december 18, 2018 na 9:40"
http://p3-raw.greenpeace.org/slovenia/si/Medijsko-sredisce/zadnje-objave/Nova-pravila-EU-omogoajo-milijardne-subvencije-za-fosilna-goriva-in-jedrsko-energijo/,"december 20, 2018 na 11:01"
http://p3-raw.greenpeace.org/slovenia/si/about/greenpeace-v-sloveniji/,"oktober 3, 2016 na 12:30"
http://p3-raw.greenpeace.org/slovenia/si/Medijsko-sredisce/zadnje-objave/Nemija-nartuje-konec-premoga/,"januar 28, 2019 na 11:56"
http://p3-raw.greenpeace.org/slovenia/si/Medijsko-sredisce/zadnje-objave/Poleg-uvoza-premoga-e-ve-javnega-denarja-za-TE/,"februar 7, 2019 na 8:38"
http://p3-raw.greenpeace.org/slovenia/si/Medijsko-sredisce/zadnje-objave/Ne-nafta-sonce-naj-napaja-Jadran/,"avgust 7, 2015 na 8:14"
http://p3-raw.greenpeace.org/slovenia/si/Medijsko-sredisce/zadnje-objave/Prelomno-poroilo-Greenpeaca-100--obnovljiva-energija-do-leta-2050-je-mogoa/,"september 22, 2015 na 10:00"
http://p3-raw.greenpeace.org/slovenia/si/kaj-delamo/izberi-isto-energijo/_energetska_revolucija/,"september 21, 2015 na 14:30"
http://p3-raw.greenpeace.org/slovenia/si/Medijsko-sredisce/zadnje-objave/Pred-parikim-podnebnim-vrhom-Na-poti-k-100--obnovljive-energije-za-vse/,"november 26, 2015 na 11:07"
http://p3-raw.greenpeace.org/slovenia/si/Medijsko-sredisce/zadnje-objave/Energetski-koncept-Slovenije-Odziv-na-predstavitev-Ministrstva-za-infrastrukturo/,"januar 14, 2016 na 10:33"
http://p3-raw.greenpeace.org/slovenia/si/Medijsko-sredisce/zadnje-objave/Popis-blagovnih-znamk-odpadkov-pomembno-orodje-pritiska-na-proizvajalce/,"marec 21, 2019 na 14:13"
http://p3-raw.greenpeace.org/slovenia/si/Medijsko-sredisce/zadnje-objave/ZMAGA-Sosedske-sonne-elektrarne-sedaj-realnost-tudi-v-Sloveniji/,"marec 26, 2019 na 15:09"
http://p3-raw.greenpeace.org/slovenia/si/_at/,"december 21, 2011 na 12:30"
http://p3-raw.greenpeace.org/slovenia/si/Medijsko-sredisce/zadnje-objave/_doubt/,"september 11, 2013 na 12:00"
http://p3-raw.greenpeace.org/slovenia/si/Medijsko-sredisce/zadnje-objave/_najava/,"september 11, 2013 na 12:30"
http://p3-raw.greenpeace.org/slovenia/si/Medijsko-sredisce/zadnje-objave/_najava1/,"september 20, 2013 na 12:44"
http://p3-raw.greenpeace.org/slovenia/si/Medijsko-sredisce/zadnje-objave/_najava11/,"september 23, 2013 na 16:19"
http://p3-raw.greenpeace.org/slovenia/si/Medijsko-sredisce/informativna-gradiva/_ipcc/,"september 27, 2013 na 10:30"
http://p3-raw.greenpeace.org/slovenia/si/Medijsko-sredisce/informativna-gradiva/_ipcc_priloga/,"september 27, 2013 na 10:30"
http://p3-raw.greenpeace.org/slovenia/si/Medijsko-sredisce/zadnje-objave/_PRipcc/,"september 27, 2013 na 11:00"
http://p3-raw.greenpeace.org/slovenia/si/Medijsko-sredisce/zadnje-objave/Pripombe-in-predlogi-Greenpeace-v-Sloveniji-na-osnutek-programa-Republike-Hrvake-za-izkorianje-ogljikovodikov-na-Jadranu/,"april 17, 2015 na 9:22"
http://p3-raw.greenpeace.org/slovenia/si/Medijsko-sredisce/zadnje-objave/Papezeva_okroznica_okolju/,"junij 18, 2015 na 13:30"
http://p3-raw.greenpeace.org/slovenia/si/Medijsko-sredisce/informativna-gradiva/Stopinje-v-snegu/,"september 14, 2015 na 14:55"
http://p3-raw.greenpeace.org/slovenia/si/Medijsko-sredisce/zadnje-objave/Namesto-obnovljivega-energetskega-preboja-dodatna-jedrska-elektrarna-v-Krkem/,"oktober 1, 2015 na 9:23"
http://p3-raw.greenpeace.org/slovenia/si/Medijsko-sredisce/informativna-gradiva/_IPCCpismovladi/,"oktober 4, 2013 na 10:30"
http://p3-raw.greenpeace.org/slovenia/si/Medijsko-sredisce/zadnje-objave/_odprtopismoIPCC1/,"oktober 5, 2013 na 14:09"
http://p3-raw.greenpeace.org/slovenia/si/Medijsko-sredisce/zadnje-objave/_barcolana/,"oktober 13, 2013 na 13:28"
http://p3-raw.greenpeace.org/slovenia/si/Medijsko-sredisce/zadnje-objave/_30dni/,"oktober 18, 2013 na 13:00"
http://p3-raw.greenpeace.org/slovenia/si/Medijsko-sredisce/zadnje-objave/_jek/,"oktober 21, 2013 na 13:00"
http://p3-raw.greenpeace.org/slovenia/si/Medijsko-sredisce/zadnje-objave/_jek1/,"oktober 25, 2013 na 12:50"
http://p3-raw.greenpeace.org/slovenia/si/Medijsko-sredisce/zadnje-objave/_cop1/,"november 10, 2013 na 12:30"
http://p3-raw.greenpeace.org/slovenia/si/Medijsko-sredisce/zadnje-objave/_jek11/,"november 11, 2013 na 12:30"
http://p3-raw.greenpeace.org/slovenia/si/Medijsko-sredisce/zadnje-objave/EU-Konec-davka-na-sonce-a-majava-podpora-istim-virom-energije/,"junij 14, 2018 na 13:15"
http://p3-raw.greenpeace.org/slovenia/si/about/kontaktni-podatki/,"oktober 3, 2016 na 14:26"
http://p3-raw.greenpeace.org/slovenia/si/Medijsko-sredisce/zadnje-objave/Koncno-Sosedske-soncne-elektrarne-tudi-v-Sloveniji/,"januar 14, 2019 na 9:43"
http://p3-raw.greenpeace.org/slovenia/si/System-templates/Snippets/Twitter-widget/,"marec 31, 2011 na 14:07"
http://p3-raw.greenpeace.org/slovenia/si/System-templates/Snippets/Follow-us-on---snippet/,"april 18, 2010 na 14:28"
http://p3-raw.greenpeace.org/slovenia/si/System-templates/Thank-you-pages/already-confirmed/,"januar 22, 2010 na 13:11"
http://p3-raw.greenpeace.org/slovenia/si/_Arhiv/_hubpage/kaj-je-greenpeace/,"oktober 1, 2011 na 12:00"
http://p3-raw.greenpeace.org/slovenia/si/kaj-delamo/volitve-2011/_standard-page1/,"november 7, 2011 na 6:00"
http://p3-raw.greenpeace.org/slovenia/si/_Arhiv/_okrogla_miza/,"november 13, 2011 na 8:00"
http://p3-raw.greenpeace.org/slovenia/si/Medijsko-sredisce/zadnje-objave/Posvet-Potroniki-in-energija-Preudarne-odloitve-danes-za-pozitivne-uinke-v-prihodnosti/,"oktober 7, 2016 na 10:00"
http://p3-raw.greenpeace.org/slovenia/si/about/nacela-greenpeacea/,"oktober 3, 2016 na 11:00"
http://p3-raw.greenpeace.org/slovenia/si/about/kaj_je_greenpeace/,"oktober 3, 2016 na 16:00"
http://p3-raw.greenpeace.org/slovenia/si/about/10-nainov-kako-lahko-mo-ljudi-spremeni-svet/,"september 23, 2016 na 13:58"
http://p3-raw.greenpeace.org/slovenia/si/Medijsko-sredisce/zadnje-objave/Komentar---Ratifikacija-Parikega-sporazuma-v-DZ-RS/,"november 17, 2016 na 21:09"
http://p3-raw.greenpeace.org/slovenia/si/Medijsko-sredisce/zadnje-objave/Evropski-parlament-zavrne-monost-razjasnitve-pravnega-statusa-CETE/,"november 23, 2016 na 17:49"
http://p3-raw.greenpeace.org/slovenia/si/Medijsko-sredisce/informativna-gradiva/Komisija-tvega-da-bo-prehod-na-obnovljive-vire-energije-prepustila-nezainteresiranim-energetskim-podjetjem/,"november 29, 2016 na 12:46"
http://p3-raw.greenpeace.org/slovenia/si/Medijsko-sredisce/zadnje-objave/Reilna-bilka-premogu-obnovljivi-energetiki-drobtinice/,"december 1, 2016 na 9:26"
http://p3-raw.greenpeace.org/slovenia/si/Medijsko-sredisce/zadnje-objave/Subvenciji-za-TE6-je-potrebno-odlono-nasprotovati/,"februar 3, 2017 na 14:52"
http://p3-raw.greenpeace.org/slovenia/si/Medijsko-sredisce/zadnje-objave/ODZIV-Subvencija-za-TE-domnevno-ustavljena/,"marec 1, 2017 na 15:17"
http://p3-raw.greenpeace.org/slovenia/si/Medijsko-sredisce/zadnje-objave/Iz-prispevka-za-obnovljive-vire-subvencija-za-fosilni-vir/,"marec 15, 2017 na 14:50"
http://p3-raw.greenpeace.org/slovenia/si/Medijsko-sredisce/zadnje-objave/Podnebni-shod---budnica-Vladi/,"marec 29, 2017 na 21:12"
http://p3-raw.greenpeace.org/slovenia/si/Medijsko-sredisce/zadnje-objave/Trump-poilja-ZDA-iz-vodilnega-mesta-med-podnebne-izobence/,"junij 1, 2017 na 22:00"
http://p3-raw.greenpeace.org/slovenia/si/Medijsko-sredisce/zadnje-objave/Vlade-opuanje-premoga-ne-zanima/,"junij 8, 2017 na 13:07"
http://p3-raw.greenpeace.org/slovenia/si/Medijsko-sredisce/zadnje-objave/Presuena-Slovenija-v-primeu-premoga/,"september 6, 2017 na 8:57"
http://p3-raw.greenpeace.org/slovenia/si/Medijsko-sredisce/zadnje-objave/ODZIV-V-TE-u-bi-kurili-odpadke/,"julij 26, 2018 na 15:52"
http://p3-raw.greenpeace.org/slovenia/si/Medijsko-sredisce/zadnje-objave/RAZKRITO-58-milijard-EUR-prikritih-subvencij-za-premog-zemeljski-plin-in-jedrsko-energijo/,"september 14, 2018 na 9:56"
http://p3-raw.greenpeace.org/slovenia/si/Medijsko-sredisce/informativna-gradiva/_pismo_RZ/,"november 14, 2013 na 10:30"
http://p3-raw.greenpeace.org/slovenia/si/Medijsko-sredisce/informativna-gradiva/_IPCCprihodnost/,"november 14, 2013 na 10:30"
http://p3-raw.greenpeace.org/slovenia/si/Medijsko-sredisce/zadnje-objave/_jek111/,"november 14, 2013 na 10:35"
http://p3-raw.greenpeace.org/slovenia/si/Medijsko-sredisce/zadnje-objave/_odprtopismoIPCC/,"oktober 4, 2013 na 13:00"
http://p3-raw.greenpeace.org/slovenia/si/Medijsko-sredisce/zadnje-objave/_stritar_pismo/,"november 14, 2013 na 12:30"
http://p3-raw.greenpeace.org/slovenia/si/Medijsko-sredisce/zadnje-objave/_komentar_EZ/,"november 15, 2013 na 12:30"
http://p3-raw.greenpeace.org/slovenia/si/Medijsko-sredisce/zadnje-objave/_komentar_EZ1/,"december 19, 2013 na 12:04"
http://p3-raw.greenpeace.org/slovenia/si/Medijsko-sredisce/zadnje-objave/_zustaviteTES/,"januar 9, 2014 na 12:00"
http://p3-raw.greenpeace.org/slovenia/si/Medijsko-sredisce/informativna-gradiva/_obiskovalci/,"april 5, 2013 na 10:30"
http://p3-raw.greenpeace.org/slovenia/si/Medijsko-sredisce/zadnje-objave/_aspr/,"april 17, 2013 na 9:00"
http://p3-raw.greenpeace.org/slovenia/si/Medijsko-sredisce/zadnje-objave/_Fukusima2013/,"marec 6, 2013 na 10:30"
http://p3-raw.greenpeace.org/slovenia/si/Medijsko-sredisce/informativna-gradiva/_jedrska_industrija/,"marec 6, 2013 na 10:30"
http://p3-raw.greenpeace.org/slovenia/si/Medijsko-sredisce/zadnje-objave/_heal/,"marec 7, 2013 na 10:30"
http://p3-raw.greenpeace.org/slovenia/si/Medijsko-sredisce/zadnje-objave/_eib_posojilo/,"marec 8, 2013 na 10:30"
http://p3-raw.greenpeace.org/slovenia/si/Medijsko-sredisce/zadnje-objave/_pr_srp/,"marec 19, 2013 na 10:30"
http://p3-raw.greenpeace.org/slovenia/si/Medijsko-sredisce/informativna-gradiva/_AS_brifing/,"marec 19, 2013 na 10:30"
http://p3-raw.greenpeace.org/slovenia/si/Medijsko-sredisce/informativna-gradiva/_pismo_tes/,"marec 20, 2013 na 10:30"
http://p3-raw.greenpeace.org/slovenia/si/Medijsko-sredisce/informativna-gradiva/_posvet1/,"marec 19, 2013 na 10:30"
http://p3-raw.greenpeace.org/slovenia/si/Medijsko-sredisce/informativna-gradiva/_metodologija_sostanj/,"junij 12, 2012 na 8:00"
http://p3-raw.greenpeace.org/slovenia/si/Medijsko-sredisce/zadnje-objave/_novinarskates/,"junij 13, 2012 na 11:00"
http://p3-raw.greenpeace.org/slovenia/si/Medijsko-sredisce/zadnje-objave/_Greenpeace_ob_dnevu_Zemlje/,"april 20, 2012 na 9:00"
http://p3-raw.greenpeace.org/slovenia/si/Medijsko-sredisce/informativna-gradiva/_rio_pricakovanja/,"junij 15, 2012 na 8:00"
http://p3-raw.greenpeace.org/slovenia/si/Medijsko-sredisce/zadnje-objave/_odziv_HSE/,"junij 18, 2012 na 14:00"
http://p3-raw.greenpeace.org/slovenia/si/Medijsko-sredisce/zadnje-objave/_odziv-tes/,"junij 19, 2012 na 11:00"
http://p3-raw.greenpeace.org/slovenia/si/Medijsko-sredisce/zadnje-objave/_potrjeno_porostvo/,"julij 13, 2012 na 14:00"
http://p3-raw.greenpeace.org/slovenia/si/Medijsko-sredisce/zadnje-objave/_press-release10/,"marec 5, 2012 na 13:00"
http://p3-raw.greenpeace.org/slovenia/si/Medijsko-sredisce/zadnje-objave/tretjina_poslancev_za_porostvo_za_tes61/,"julij 18, 2012 na 17:05"
http://p3-raw.greenpeace.org/slovenia/si/Medijsko-sredisce/zadnje-objave/_izjava_koalicije/,"februar 21, 2012 na 14:00"
http://p3-raw.greenpeace.org/slovenia/si/kaj-delamo/brani-na-e-oceane/Skupna-ribiska-politika/Kakno-vlogo-ima-Slovenija/,"julij 17, 2012 na 14:35"
http://p3-raw.greenpeace.org/slovenia/si/kaj-delamo/brani-na-e-oceane/Skupna-ribiska-politika/Ali-ste-vedeli/,"julij 17, 2012 na 14:29"
http://p3-raw.greenpeace.org/slovenia/si/kaj-delamo/brani-na-e-oceane/Skupna-ribiska-politika/Kako-Greenpeace-pomaga-reevati-nae-morske-ekosisteme-/,"julij 17, 2012 na 14:27"
http://p3-raw.greenpeace.org/slovenia/si/kaj-delamo/brani-na-e-oceane/Skupna-ribiska-politika/Pet-zahteve/,"julij 17, 2012 na 14:01"
http://p3-raw.greenpeace.org/slovenia/si/kaj-delamo/_umazana_energija/_porocilo_sostanj/,"junij 12, 2012 na 12:00"
http://p3-raw.greenpeace.org/slovenia/si/Medijsko-sredisce/zadnje-objave/_predaja_ministru/,"december 3, 2012 na 10:00"
http://p3-raw.greenpeace.org/slovenia/si/Medijsko-sredisce/zadnje-objave/_odprto-pismo-TET/,"november 30, 2012 na 11:00"
http://p3-raw.greenpeace.org/slovenia/si/Medijsko-sredisce/zadnje-objave/_poziv_komisije/,"junij 6, 2012 na 14:00"
http://p3-raw.greenpeace.org/slovenia/si/Medijsko-sredisce/informativna-gradiva/_porocilo_sostanjpdf/,"junij 12, 2012 na 8:00"
http://p3-raw.greenpeace.org/slovenia/si/Medijsko-sredisce/informativna-gradiva/Prijavnica-za-loveko-verigo/,"avgust 7, 2014 na 12:00"
http://p3-raw.greenpeace.org/slovenia/si/Medijsko-sredisce/informativna-gradiva/loveka-veriga---informacije/,"avgust 7, 2014 na 15:35"
http://p3-raw.greenpeace.org/slovenia/si/kaj-delamo/izberi-isto-energijo/Vetrna-energija/,"april 23, 2014 na 16:55"
http://p3-raw.greenpeace.org/slovenia/si/kaj-delamo/izberi-isto-energijo/Obnovljivi-viri-energije/,"april 23, 2014 na 17:53"
http://p3-raw.greenpeace.org/slovenia/si/Medijsko-sredisce/zadnje-objave/rni-dnevi-za-modri-Jadran/,"marec 24, 2015 na 15:54"
http://p3-raw.greenpeace.org/slovenia/si/Medijsko-sredisce/informativna-gradiva/Pronja-za-podaljanje-roka-za-zbiranje-pripomb-in-predlogov-v-zvezi-z-javno-razgrnitvijo-Osnutka-programa-Republike-Hrvake-za-izkorianje-ogljikovodikov-na-Jadranu/,"april 9, 2015 na 11:04"
http://p3-raw.greenpeace.org/slovenia/si/kaj-delamo/izberi-isto-energijo/Miti-o-obnovljivih-viri-energije/,"maj 27, 2014 na 11:04"
http://p3-raw.greenpeace.org/slovenia/si/kaj-delamo/izberi-isto-energijo/_thankyou_page/,"januar 1, 2017 na 12:00"
http://p3-raw.greenpeace.org/slovenia/si/Medijsko-sredisce/zadnje-objave/Boino-darilo-Ministrstva-za-infrastrukturo/,"december 6, 2017 na 11:02"
http://p3-raw.greenpeace.org/slovenia/si/Medijsko-sredisce/informativna-gradiva/_brifingArktika/,"julij 3, 2013 na 10:30"
http://p3-raw.greenpeace.org/slovenia/si/Medijsko-sredisce/informativna-gradiva/_IPCCprihodnost1/,"januar 22, 2014 na 14:12"
http://p3-raw.greenpeace.org/slovenia/si/kaj-delamo/izberi-isto-energijo/Hidroenergija/,"april 23, 2014 na 16:33"
http://p3-raw.greenpeace.org/slovenia/si/kaj-delamo/jedrska/_fukusima/_standard-page1/,"marec 4, 2013 na 19:00"
http://p3-raw.greenpeace.org/slovenia/si/kaj-delamo/jedrska/_fukusima/_standard-page11/,"marec 4, 2013 na 15:30"
http://p3-raw.greenpeace.org/slovenia/si/kaj-delamo/jedrska/_fukusima/_standard-page12/,"marec 4, 2013 na 15:00"
http://p3-raw.greenpeace.org/slovenia/si/kaj-delamo/jedrska/_fukusima/_standard-page13/,"marec 4, 2013 na 15:30"
http://p3-raw.greenpeace.org/slovenia/si/Medijsko-sredisce/informativna-gradiva/_pointofnoreturn/,"januar 22, 2013 na 11:30"
http://p3-raw.greenpeace.org/slovenia/si/Medijsko-sredisce/zadnje-objave/_PRpoint-of-no-return/,"januar 22, 2013 na 14:00"
http://p3-raw.greenpeace.org/slovenia/si/Medijsko-sredisce/zadnje-objave/_netet/,"april 23, 2013 na 9:00"
http://p3-raw.greenpeace.org/slovenia/si/Medijsko-sredisce/zadnje-objave/_asitaly/,"april 25, 2013 na 13:30"
http://p3-raw.greenpeace.org/slovenia/si/Medijsko-sredisce/informativna-gradiva/_navodila_mediji/,"april 25, 2013 na 11:00"
http://p3-raw.greenpeace.org/slovenia/si/Medijsko-sredisce/zadnje-objave/_svet_ministrov/,"maj 15, 2013 na 16:30"
http://p3-raw.greenpeace.org/slovenia/si/Medijsko-sredisce/zadnje-objave/_odlocitevEU/,"maj 30, 2013 na 12:00"
http://p3-raw.greenpeace.org/slovenia/si/Medijsko-sredisce/zadnje-objave/_predaja_ladjic1/,"maj 29, 2013 na 12:00"
http://p3-raw.greenpeace.org/slovenia/si/Medijsko-sredisce/zadnje-objave/_doha_konferenca/,"november 26, 2012 na 11:00"
http://p3-raw.greenpeace.org/slovenia/si/Medijsko-sredisce/informativna-gradiva/odprto_pismovladi/,"december 5, 2012 na 11:30"
http://p3-raw.greenpeace.org/slovenia/si/Medijsko-sredisce/zadnje-objave/_odprto_pismotes/,"marec 20, 2013 na 10:30"
http://p3-raw.greenpeace.org/slovenia/si/Medijsko-sredisce/zadnje-objave/_gso/,"marec 26, 2013 na 9:00"
http://p3-raw.greenpeace.org/slovenia/si/Medijsko-sredisce/zadnje-objave/_zelena_knjiga/,"marec 28, 2013 na 9:00"
http://p3-raw.greenpeace.org/slovenia/si/Medijsko-sredisce/zadnje-objave/_prekomeren_ribolov/,"julij 26, 2012 na 11:00"
http://p3-raw.greenpeace.org/slovenia/si/Medijsko-sredisce/zadnje-objave/_rekordno_nizek_obseg_arkticnega_ledu/,"september 20, 2012 na 10:30"
http://p3-raw.greenpeace.org/slovenia/si/Medijsko-sredisce/zadnje-objave/_energetska_revolucija2012/,"oktober 24, 2012 na 11:00"
http://p3-raw.greenpeace.org/slovenia/si/Medijsko-sredisce/informativna-gradiva/RIO20---priakovanja/,"november 16, 2012 na 11:30"
http://p3-raw.greenpeace.org/slovenia/si/Medijsko-sredisce/informativna-gradiva/_rio_pricakovanja1/,"oktober 24, 2012 na 11:00"
http://p3-raw.greenpeace.org/slovenia/si/Medijsko-sredisce/zadnje-objave/_pr_eib/,"december 21, 2012 na 11:00"
http://p3-raw.greenpeace.org/slovenia/si/Medijsko-sredisce/zadnje-objave/Norveka-pred-sodie/,"november 11, 2017 na 10:00"
http://p3-raw.greenpeace.org/slovenia/si/kaj-delamo/izberi-isto-energijo/Novice-iz-svetovne-Energetske-Revolucije/,"oktober 3, 2016 na 15:17"
http://p3-raw.greenpeace.org/slovenia/si/about/prosta-delovna-mesta/Energy-campaigner-Technical-expert1/,"november 14, 2017 na 8:30"
http://p3-raw.greenpeace.org/slovenia/si/Medijsko-sredisce/informativna-gradiva/izzivi-in-prilo-nosti-prestruk/,"junij 9, 2011 na 21:48"
http://p3-raw.greenpeace.org/slovenia/si/Medijsko-sredisce/zadnje-objave/greenpeaceova-ladja-rainbow-wa/,"avgust 16, 2011 na 10:48"
http://p3-raw.greenpeace.org/slovenia/si/Medijsko-sredisce/zadnje-objave/svetovna-akcija-za-na-planet/,"december 12, 2009 na 0:00"
http://p3-raw.greenpeace.org/slovenia/si/Medijsko-sredisce/zadnje-objave/iv-napis-ukrepaj-zdaj/,"oktober 24, 2009 na 0:00"
http://p3-raw.greenpeace.org/slovenia/si/Medijsko-sredisce/zadnje-objave/slovenija-mora-prevzeti-svoj-d/,"marec 17, 2009 na 0:00"
http://p3-raw.greenpeace.org/slovenia/si/Medijsko-sredisce/zadnje-objave/Greenpeace-ob-eksploziji-v-jedrskem-objektu-Marcoule-v-Franciji/,"september 12, 2011 na 8:30"
http://p3-raw.greenpeace.org/slovenia/si/Medijsko-sredisce/zadnje-objave/_press-release/,"oktober 5, 2011 na 14:00"
http://p3-raw.greenpeace.org/slovenia/si/Medijsko-sredisce/zadnje-objave/_press-release3/,"oktober 11, 2011 na 14:00"
http://p3-raw.greenpeace.org/slovenia/si/Medijsko-sredisce/zadnje-objave/_odprto_pismo/,"januar 17, 2012 na 14:00"
http://p3-raw.greenpeace.org/slovenia/si/Medijsko-sredisce/zadnje-objave/_okrogla_miza_pr/,"december 2, 2011 na 14:00"
http://p3-raw.greenpeace.org/slovenia/si/Medijsko-sredisce/zadnje-objave/_facebook/,"december 15, 2011 na 17:00"
http://p3-raw.greenpeace.org/slovenia/si/Medijsko-sredisce/informativna-gradiva/bayerjeve-dvojne-te-ave/,"september 12, 2009 na 0:00"
http://p3-raw.greenpeace.org/slovenia/si/Medijsko-sredisce/informativna-gradiva/kaj-prina-a-nep-in-ali-je-100/,"junij 9, 2011 na 21:47"
http://p3-raw.greenpeace.org/slovenia/si/Medijsko-sredisce/zadnje-objave/greenpeace-izra-a-solidarnost/,"marec 17, 2011 na 10:29"
http://p3-raw.greenpeace.org/slovenia/si/Medijsko-sredisce/zadnje-objave/Podnebna-strategija-je-prvi-korak-na-poti-do-aktivne-podnebne-politike/,"september 23, 2011 na 8:30"
http://p3-raw.greenpeace.org/slovenia/si/Medijsko-sredisce/zadnje-objave/_press-release1/,"oktober 5, 2011 na 12:00"
http://p3-raw.greenpeace.org/slovenia/si/Medijsko-sredisce/zadnje-objave/_press-release2/,"september 27, 2011 na 14:00"
http://p3-raw.greenpeace.org/slovenia/si/Medijsko-sredisce/zadnje-objave/_biogoriva/,"januar 17, 2013 na 10:30"
http://p3-raw.greenpeace.org/slovenia/si/Medijsko-sredisce/informativna-gradiva/mnenje_NIP/,"december 5, 2012 na 11:30"
http://p3-raw.greenpeace.org/slovenia/si/Medijsko-sredisce/zadnje-objave/_odprtopismovladi/,"december 5, 2012 na 10:00"
http://p3-raw.greenpeace.org/slovenia/si/Medijsko-sredisce/zadnje-objave/_akcija_ro_ambasada/,"februar 1, 2012 na 13:00"
http://p3-raw.greenpeace.org/slovenia/si/Medijsko-sredisce/zadnje-objave/_tiskovka_ustavimotes6/,"februar 1, 2012 na 10:00"
http://p3-raw.greenpeace.org/slovenia/si/Medijsko-sredisce/zadnje-objave/_volitve_analiza/,"november 21, 2011 na 14:00"
http://p3-raw.greenpeace.org/slovenia/si/Medijsko-sredisce/zadnje-objave/_radioaktivnost/,"december 7, 2011 na 14:00"
http://p3-raw.greenpeace.org/slovenia/si/Medijsko-sredisce/zadnje-objave/_uredba/,"december 8, 2011 na 15:00"
http://p3-raw.greenpeace.org/slovenia/si/Medijsko-sredisce/zadnje-objave/_press-release9/,"november 9, 2011 na 12:00"
http://p3-raw.greenpeace.org/slovenia/si/Medijsko-sredisce/zadnje-objave/_tour/,"november 21, 2011 na 14:00"
http://p3-raw.greenpeace.org/slovenia/si/Medijsko-sredisce/informativna-gradiva/30-odstotno-zmanj-anje-sedaj-n/,"marec 9, 2011 na 10:25"
http://p3-raw.greenpeace.org/slovenia/si/Medijsko-sredisce/informativna-gradiva/industrijski-miti-blokirajo-30-2/,"maj 26, 2010 na 12:15"
http://p3-raw.greenpeace.org/slovenia/si/Medijsko-sredisce/zadnje-objave/greenpeace-in-dopps-ob-dnevu-z/,"april 21, 2011 na 11:07"
http://p3-raw.greenpeace.org/slovenia/si/Medijsko-sredisce/zadnje-objave/reakcija-na-objavo-nep-minist/,"junij 10, 2011 na 0:00"
http://p3-raw.greenpeace.org/slovenia/si/Medijsko-sredisce/zadnje-objave/obnovljiva-energija-zmore-od/,"junij 7, 2011 na 0:00"
http://p3-raw.greenpeace.org/slovenia/si/Medijsko-sredisce/zadnje-objave/slovenija-naj-podpre-naprednej/,"marec 14, 2011 na 0:00"
http://p3-raw.greenpeace.org/slovenia/si/Medijsko-sredisce/zadnje-objave/greenpeace-sporo-ilo-komisije/,"maj 26, 2010 na 0:00"
http://p3-raw.greenpeace.org/slovenia/si/Medijsko-sredisce/zadnje-objave/podnebne-ambicije-eu-e-vedno/,"marec 15, 2010 na 14:58"
http://p3-raw.greenpeace.org/slovenia/si/Medijsko-sredisce/zadnje-objave/paralizirana-eu-nezmo-na-pozit/,"december 19, 2009 na 7:47"
http://p3-raw.greenpeace.org/slovenia/si/Medijsko-sredisce/zadnje-objave/predsednik-obama-si-mora-nobel/,"december 10, 2009 na 16:30"
http://p3-raw.greenpeace.org/slovenia/si/Medijsko-sredisce/zadnje-objave/odziv-greenpeacea-na-prelo-ite/,"december 9, 2009 na 14:31"
http://p3-raw.greenpeace.org/slovenia/si/Medijsko-sredisce/zadnje-objave/izjava-izvr-nega-direktorja-gr/,"december 6, 2009 na 15:43"
http://p3-raw.greenpeace.org/slovenia/si/Medijsko-sredisce/zadnje-objave/dr-avni-zbor-rs-je-s-sprejemom/,"november 20, 2009 na 9:18"
http://p3-raw.greenpeace.org/slovenia/si/Medijsko-sredisce/zadnje-objave/okoljski-ministri-neuspe-ni-pr/,"oktober 21, 2009 na 15:44"
http://p3-raw.greenpeace.org/slovenia/si/Medijsko-sredisce/zadnje-objave/odziv-na-zaklju-ek-sre-anja-fi/,"oktober 20, 2009 na 18:28"
http://p3-raw.greenpeace.org/slovenia/si/Medijsko-sredisce/zadnje-objave/finan-ni-ministri-oklevajo-z-o/,"oktober 20, 2009 na 13:44"
http://p3-raw.greenpeace.org/slovenia/si/Medijsko-sredisce/zadnje-objave/svetovni-voditelji-ukrepajte/,"oktober 9, 2009 na 0:00"
http://p3-raw.greenpeace.org/slovenia/si/Medijsko-sredisce/zadnje-objave/ko-odgovornost-za-prihodnost-v/,"september 23, 2009 na 20:57"
http://p3-raw.greenpeace.org/slovenia/si/Medijsko-sredisce/zadnje-objave/arktika-brez-poletnega-ledu-do/,"september 17, 2009 na 0:00"
http://p3-raw.greenpeace.org/slovenia/si/Medijsko-sredisce/informativna-gradiva/Kopenhagen-Greenpeace-zahteve/,"december 2, 2009 na 8:36"
http://p3-raw.greenpeace.org/slovenia/si/Medijsko-sredisce/informativna-gradiva/greenpeace-ocena-rezultatov-po/,"december 24, 2009 na 15:39"
http://p3-raw.greenpeace.org/slovenia/si/Medijsko-sredisce/informativna-gradiva/premik-na-30-zmanj-anje-izpus-2/,"maj 26, 2010 na 12:14"
http://p3-raw.greenpeace.org/slovenia/si/Medijsko-sredisce/zadnje-objave/Japonska_proti_jedrski/,"julij 13, 2011 na 0:00"
http://p3-raw.greenpeace.org/slovenia/si/Medijsko-sredisce/zadnje-objave/ve-kot-94-italijanov-je-na-r/,"junij 14, 2011 na 10:42"
http://p3-raw.greenpeace.org/slovenia/si/Medijsko-sredisce/zadnje-objave/ministrstvo-za-gospodarstvo-po/,"junij 10, 2011 na 11:06"
http://p3-raw.greenpeace.org/slovenia/si/Medijsko-sredisce/zadnje-objave/mejnik-v-eu-zakonodaji-dose-e/,"december 9, 2008 na 0:00"
http://p3-raw.greenpeace.org/slovenia/si/Medijsko-sredisce/zadnje-objave/okoljski-ministri-elijo-refor/,"december 5, 2008 na 0:00"
http://p3-raw.greenpeace.org/slovenia/si/Medijsko-sredisce/zadnje-objave/gensko-spremenjena-hrana-pote/,"november 12, 2008 na 0:00"
http://p3-raw.greenpeace.org/slovenia/si/Medijsko-sredisce/zadnje-objave/zelen-na-rt-za-pospe-itev-boja/,"oktober 27, 2008 na 0:00"
http://p3-raw.greenpeace.org/slovenia/si/Medijsko-sredisce/zadnje-objave/slovensko-eu-predsedovanje-k/,"junij 20, 2008 na 0:00"
http://p3-raw.greenpeace.org/slovenia/si/Medijsko-sredisce/zadnje-objave/slovensko-predsedovanje-svetu/,"april 25, 2008 na 0:00"
http://p3-raw.greenpeace.org/slovenia/si/Medijsko-sredisce/zadnje-objave/greenpeace-onemogo-il-sestanek/,"december 17, 2007 na 0:00"
http://p3-raw.greenpeace.org/slovenia/si/Medijsko-sredisce/zadnje-objave/greenpeace-in-umanotera-za-enj/,"november 15, 2007 na 0:00"
http://p3-raw.greenpeace.org/slovenia/si/Medijsko-sredisce/zadnje-objave/_press-release5/,"oktober 15, 2011 na 12:00"
http://p3-raw.greenpeace.org/slovenia/si/Medijsko-sredisce/zadnje-objave/_press-release6/,"september 28, 2011 na 12:00"
http://p3-raw.greenpeace.org/slovenia/si/Medijsko-sredisce/informativna-gradiva/financiranje-globalne-odgovorn-3/,"marec 2, 2009 na 18:50"
http://p3-raw.greenpeace.org/slovenia/si/Medijsko-sredisce/zadnje-objave/novo-porocilo-ipcc-obnovljiva-energija/,"maj 9, 2011 na 14:49"
http://p3-raw.greenpeace.org/slovenia/si/Medijsko-sredisce/zadnje-objave/barrosova-komisija-odobrila-sp/,"marec 2, 2010 na 13:21"
http://p3-raw.greenpeace.org/slovenia/si/Medijsko-sredisce/zadnje-objave/odziv-na-predlog-imenovanja-dr/,"november 27, 2009 na 14:56"
http://p3-raw.greenpeace.org/slovenia/si/Medijsko-sredisce/zadnje-objave/eu-podprla-izredni-podnebni-sk/,"september 18, 2009 na 0:00"
http://p3-raw.greenpeace.org/slovenia/si/Medijsko-sredisce/zadnje-objave/konec-poti-za-eu-dogovor-o-emi/,"december 2, 2008 na 0:00"
http://p3-raw.greenpeace.org/slovenia/si/Medijsko-sredisce/zadnje-objave/greenpeace-odziv/,"marec 14, 2008 na 0:00"
http://p3-raw.greenpeace.org/slovenia/si/Medijsko-sredisce/informativna-gradiva/_komentar_nep/,"november 23, 2011 na 10:30"
http://p3-raw.greenpeace.org/slovenia/si/Medijsko-sredisce/informativna-gradiva/izigravanje-ozra-ja/,"oktober 29, 2009 na 0:00"
http://p3-raw.greenpeace.org/slovenia/si/Medijsko-sredisce/informativna-gradiva/izzivi-in-prilo-nosti-prestruk11/,"oktober 18, 2011 na 10:30"
http://p3-raw.greenpeace.org/slovenia/si/Medijsko-sredisce/informativna-gradiva/izzivi-in-prilo-nosti-prestruk12/,"oktober 18, 2011 na 10:30"
http://p3-raw.greenpeace.org/slovenia/si/Medijsko-sredisce/informativna-gradiva/izzivi-in-prilo-nosti-prestruk111/,"november 6, 2011 na 10:30"
http://p3-raw.greenpeace.org/slovenia/si/Medijsko-sredisce/informativna-gradiva/izzivi-in-prilo-nosti-prestruk1/,"november 6, 2011 na 10:30"
http://p3-raw.greenpeace.org/slovenia/si/Medijsko-sredisce/informativna-gradiva/izzivi-in-prilo-nosti-prestruk121/,"november 6, 2011 na 10:30"
http://p3-raw.greenpeace.org/slovenia/si/Medijsko-sredisce/informativna-gradiva/vprasanja-odgovori/,"november 6, 2011 na 10:30"
http://p3-raw.greenpeace.org/slovenia/si/kaj-delamo/izberi-isto-energijo/_standard-page1/,"november 7, 2011 na 6:00"
http://p3-raw.greenpeace.org/slovenia/si/Medijsko-sredisce/zadnje-objave/evropska-komisija-predstavila/,"januar 28, 2009 na 0:00"
http://p3-raw.greenpeace.org/slovenia/si/Medijsko-sredisce/zadnje-objave/poziv-evropskemu-parlamentu-n/,"december 12, 2008 na 0:00"
http://p3-raw.greenpeace.org/slovenia/si/Medijsko-sredisce/zadnje-objave/podnebni-paket-ki-deluje-5/,"december 2, 2008 na 0:00"
http://p3-raw.greenpeace.org/slovenia/si/Medijsko-sredisce/zadnje-objave/as-je-da-vlade-za-nejo-podne/,"december 1, 2008 na 0:00"
http://p3-raw.greenpeace.org/slovenia/si/Medijsko-sredisce/zadnje-objave/odgovorite-na-podnebne-spremem/,"oktober 25, 2008 na 0:00"
http://p3-raw.greenpeace.org/slovenia/si/Medijsko-sredisce/zadnje-objave/namesto-na-vrhu-evropa-pri-po-2/,"oktober 21, 2008 na 0:00"
http://p3-raw.greenpeace.org/slovenia/si/Medijsko-sredisce/zadnje-objave/odlo-itev-proti-gensko-spremen/,"marec 21, 2008 na 0:00"
http://p3-raw.greenpeace.org/slovenia/si/Medijsko-sredisce/zadnje-objave/podnebni-paket-eu-dober-za-et/,"januar 23, 2008 na 0:00"
http://p3-raw.greenpeace.org/slovenia/si/Medijsko-sredisce/zadnje-objave/Slovenija-na-nemsko-energetsko-gospodarsko-pot/,"avgust 30, 2011 na 8:30"
http://p3-raw.greenpeace.org/slovenia/si/Medijsko-sredisce/zadnje-objave/Konferenca-Lahko-obnovljivi-viri-energije-v-popolnosti-zadostijo-naim-energetskim-potrebam-do-2050/,"junij 16, 2011 na 13:51"
http://p3-raw.greenpeace.org/slovenia/si/Blog/Blog/kako-neokrnjeni-so-resnino-nai-vrhovi/blog/53526/,"julij 15, 2015 "
http://p3-raw.greenpeace.org/slovenia/si/Blog/Blog/nevarne-kemikalije-v-neokrnjeni-naravi-zakaj-/blog/54067/,"september 14, 2015 "
http://p3-raw.greenpeace.org/slovenia/si/Blog/Blog/delavnica-na-o-sveta-trojica/blog/54712/,"november 10, 2015 "
http://p3-raw.greenpeace.org/slovenia/si/Blog/Blog/biti-ali-ne-biti-kritini-to-je-zdaj-vpraanje/blog/55364/,"januar 22, 2016 "
http://p3-raw.greenpeace.org/slovenia/si/Blog/Blog/dnevnik-laure-in-eugenie-pohodnistvo-brez-pfc-je/blog/55532/,"februar 11, 2016 "
http://p3-raw.greenpeace.org/slovenia/si/Blog/Blog/pri-20-c-tudi-brez-pfc-jev-gre/blog/55643/,"februar 25, 2016 "
http://p3-raw.greenpeace.org/slovenia/si/Blog/Blog/dan-za-spremembe-dan-za-spotovanje/blog/56048/,"april 2, 2016 "
http://p3-raw.greenpeace.org/slovenia/si/Blog/Blog/motivacijsko-izobraevalni-vikend-s-prostovolj/blog/56374/,"maj 5, 2016 "
http://p3-raw.greenpeace.org/slovenia/si/Blog/Blog/detox-30/blog/56520/,"maj 24, 2016 "
http://p3-raw.greenpeace.org/slovenia/si/Blog/Blog/est-neverjetnih-dejstev-o-napredku-energetske/blog/57399/,"avgust 31, 2016 "
http://p3-raw.greenpeace.org/slovenia/si/Blog/Blog/prostovoljca-obiskala-legendarno-ladjo-rainbo/blog/59893/,"julij 19, 2017 "
http://p3-raw.greenpeace.org/slovenia/si/Blog/Blog/onesnaenje-s-plastiko-doseglo-antarktiko/blog/61601/,"junij 8, 2018 "
http://p3-raw.greenpeace.org/slovenia/si/Blog/Blog/pogozdovanje-na-hrvakem-boranka/blog/61918/,"oktober 1, 2018 "
http://p3-raw.greenpeace.org/slovenia/si/Blog/Blog/plastika-ne-onesnauje-zgolj-naih-oceanov-spro/blog/61950/,"oktober 11, 2018 "
http://p3-raw.greenpeace.org/slovenia/si/Blog/Blog/120000-ljudi/blog/45585/,"junij 14, 2013 "
http://p3-raw.greenpeace.org/slovenia/si/Blog/Blog/zgodba-aktivistke-ki-jo-preprosto-morate-slia/blog/46750/,"september 24, 2013 "
http://p3-raw.greenpeace.org/slovenia/si/Blog/Blog/samo-omerzel-jedrski-minister-za-elitne-zadev/blog/48425/,"marec 7, 2014 "
http://p3-raw.greenpeace.org/slovenia/si/Blog/Blog/vse-v-naravi-se-odvija-v-ciklih-ali-dobrodoli/blog/49172/,"maj 8, 2014 "
http://p3-raw.greenpeace.org/slovenia/si/Blog/Blog/taljenje-antarktike-straljiv-opomnik-da-se-ne/blog/49227/,"maj 14, 2014 "
http://p3-raw.greenpeace.org/slovenia/si/Blog/Blog/novice-iz-svetovne-energetske-revolucije-t-2/blog/49323/,"maj 22, 2014 "
http://p3-raw.greenpeace.org/slovenia/si/Blog/Blog/obleka-naredi-loveka-obleka-kot-komunikacijsk/blog/55312/,"januar 15, 2016 "
http://p3-raw.greenpeace.org/slovenia/si/Blog/Blog/poroilo-nevarne-kemikalije-najdene-v-opremi-z/blog/55377/,"januar 25, 2016 "
http://p3-raw.greenpeace.org/slovenia/si/Blog/Blog/super-novica-za-ljubitelje-narave-kakovostna-/blog/55418/,"januar 28, 2016 "
http://p3-raw.greenpeace.org/slovenia/si/Blog/Blog/detox-outdoor-pohod/blog/55550/,"februar 15, 2016 "
http://p3-raw.greenpeace.org/slovenia/si/Blog/Blog/strup-je-out/blog/55835/,"marec 11, 2016 "
http://p3-raw.greenpeace.org/slovenia/si/kaj-delamo/_kemikalije/_razstrupi_garderobo/,"marec 22, 2012 na 9:00"
http://p3-raw.greenpeace.org/slovenia/si/Blog/Blog/detox-predavanje-ob-dnevu-zemlje/blog/56301/,"april 27, 2016 "
http://p3-raw.greenpeace.org/slovenia/si/Blog/Blog/skupna-izjava-zahteve-glede-sporazumov-ceta-i/blog/56431/,"maj 12, 2016 "
http://p3-raw.greenpeace.org/slovenia/si/Blog/Blog/ta-zmaga-na-sodiu-bi-lahko-pretresla-celoten-/blog/56655/,"junij 4, 2016 "
http://p3-raw.greenpeace.org/slovenia/si/Blog/Blog/obisk-tovarne-rog/blog/56739/,"junij 14, 2016 "
http://p3-raw.greenpeace.org/slovenia/si/Blog/Blog/poletje-v-znamenju-ledenih-gora-in-polarnih-m/blog/46601/,"september 13, 2013 "
http://p3-raw.greenpeace.org/slovenia/si/Blog/Blog/novice-iz-svetovne-energetske-revolucije/blog/49016/,"april 23, 2014 "
http://p3-raw.greenpeace.org/slovenia/si/Blog/Blog/vsi-mavrini-bojevniki/blog/50181/,"avgust 5, 2014 "
http://p3-raw.greenpeace.org/slovenia/si/Blog/Blog/novice-iz-svetovne-energetske-revolucije-t-3/blog/50195/,"avgust 6, 2014 "
http://p3-raw.greenpeace.org/slovenia/si/Blog/Blog/sedem-odprav-se-trudi-razstrupiti-naravo/blog/53380/,"junij 29, 2015 "
http://p3-raw.greenpeace.org/slovenia/si/Blog/Blog/po-jadranu-malce-drugae/blog/53639/,"avgust 2, 2015 "
http://p3-raw.greenpeace.org/slovenia/si/Blog/Blog/energetska-politika-v-igavo-korist/blog/54332/,"oktober 7, 2015 "
http://p3-raw.greenpeace.org/slovenia/si/Blog/Blog/in-zmagovalci-so/blog/54606/,"oktober 31, 2015 "
http://p3-raw.greenpeace.org/slovenia/si/Blog/Blog/pridruite-se-nam-pri-ustvarjanju-kampanje-det/blog/54660/,"november 5, 2015 "
http://p3-raw.greenpeace.org/slovenia/si/Blog/Blog/obnovljivi-viri-energije-pametna-pot-iz-krize/blog/54726/,"november 13, 2015 "
http://p3-raw.greenpeace.org/slovenia/si/Blog/Blog/mednarodni-dan-prostovoljstva-5-december/blog/54992/,"december 5, 2015 "
http://p3-raw.greenpeace.org/slovenia/si/Blog/Blog/hvala-da-ste-mi-omogoili-biti-del-tega-potovan/blog/55203/,"december 28, 2015 "
http://p3-raw.greenpeace.org/slovenia/si/Blog/Blog/pariki-podnebni-vrh-pot-do-njega-in-kam-sedaj/blog/55202/,"december 29, 2015 "
http://p3-raw.greenpeace.org/slovenia/si/Blog/Blog/patagonska-odprava-na-vrh-cerro-torreja-brez-/blog/55296/,"januar 14, 2016 "
http://p3-raw.greenpeace.org/slovenia/si/Blog/Blog/na-svojo-pot/blog/51766/,"december 26, 2014 "
http://p3-raw.greenpeace.org/slovenia/si/Blog/Blog/mali-naravovarstveniki/blog/52198/,"februar 27, 2015 "
http://p3-raw.greenpeace.org/slovenia/si/Blog/Blog/najbolj-zelena-energija-je-tista-ki-je-ne-por/blog/52252/,"marec 6, 2015 "
http://p3-raw.greenpeace.org/slovenia/si/kaj-delamo/reci-ne-genetskemu-in-eniringu/filmski-ve-er-pred-mop/,"september 20, 2009 na 11:26"
http://p3-raw.greenpeace.org/slovenia/si/kaj-delamo/reci-ne-genetskemu-in-eniringu/ukrepaj-zdaj-zavzemi-se-za-sv/,"september 22, 2009 na 9:27"
http://p3-raw.greenpeace.org/slovenia/si/Blog/Blog/sadnja-dreves-ob-mednarodnem-dnevu-gozdov/blog/52393/,"marec 23, 2015 "
http://p3-raw.greenpeace.org/slovenia/si/Blog/Blog/film-deek-in-svet/blog/52390/,"marec 23, 2015 "
http://p3-raw.greenpeace.org/slovenia/si/Blog/Blog/ladijski-dnevnik-prve-aktivnosti-19-4-2015/blog/52639/,"april 19, 2015 "
http://p3-raw.greenpeace.org/slovenia/si/Blog/Blog/ladijski-dnevnik-naravnost-proti-avstriji-3-5/blog/52790/,"maj 3, 2015 "
http://p3-raw.greenpeace.org/slovenia/si/Blog/Blog/ladijski-dnevnik-vi-odhod-je-e-v-zraku-10-5-2/blog/52851/,"maj 10, 2015 "
http://p3-raw.greenpeace.org/slovenia/si/Blog/Blog/dr-dejan-savi-fosilna-goriva-bo-treba-prepove/blog/59391/,"maj 15, 2017 "
http://p3-raw.greenpeace.org/slovenia/si/Blog/Blog/kaj-podnebne-spremembe-pomenijo-za-antarktiko/blog/61962/,"oktober 22, 2018 "
http://p3-raw.greenpeace.org/slovenia/si/Blog/Blog/vege-sarmice-po-receptu-mame-stefke/blog/62070/,"december 21, 2018 "
http://p3-raw.greenpeace.org/slovenia/si/multimedija/Video/prekomerni_ribolov/,"april 10, 2013 na 11:30"
http://p3-raw.greenpeace.org/slovenia/si/multimedija/Video/nina_zoran/,"april 18, 2013 na 11:30"
http://p3-raw.greenpeace.org/slovenia/si/Blog/Blog/nobelova-nagrada-za-mir-podeljena-mednarodni-/blog/60427/,"oktober 11, 2017 "
http://p3-raw.greenpeace.org/slovenia/si/Blog/Blog/vesel-svetovni-dan-antarktike/blog/60804/,"december 1, 2017 "
http://p3-raw.greenpeace.org/slovenia/si/Blog/Blog/saj-vedo-kaj-ne-govorijo/blog/61561/,"maj 30, 2018 "
http://p3-raw.greenpeace.org/slovenia/si/Blog/Blog/pogum-podnebnega-upanja/blog/61941/,"oktober 9, 2018 "
http://p3-raw.greenpeace.org/slovenia/si/Blog/Blog/greenpeaceove-ladje-plujejo-v-spopad-s-plasti/blog/62126/,"februar 15, 2019 "
http://p3-raw.greenpeace.org/slovenia/si/Blog/Blog/zakaj-se-pridruujem-greenpeaceovima-ladjama-p/blog/62139/,"marec 4, 2019 "
http://p3-raw.greenpeace.org/slovenia/si/Blog/Blog/nestl-uniite-plastino-poast-ki-ste-jo-ustvari/blog/62152/,"marec 25, 2019 "
http://p3-raw.greenpeace.org/slovenia/si/Blog/Blog/novice-iz-svetovne-energetske-revolucije-t-5/blog/50561/,"september 11, 2014 "
http://p3-raw.greenpeace.org/slovenia/si/multimedija/Video/lanterna/,"junij 11, 2013 na 11:30"
http://p3-raw.greenpeace.org/slovenia/si/Blog/Blog/brez-pravne-drave-ni-zdravega-okolja/blog/43492/,"december 21, 2012 "
http://p3-raw.greenpeace.org/slovenia/si/Blog/Blog/pridrui-se-nai-floti-in-podpri-morju-prijazne/blog/44381/,"marec 19, 2013 "
http://p3-raw.greenpeace.org/slovenia/si/Blog/Blog/barica-po-morju-plava-in-kmalu-pripluje-v-kop/blog/44665/,"april 9, 2013 "
http://p3-raw.greenpeace.org/slovenia/si/Blog/Blog/blog_ribic/blog/44856/,"april 22, 2013 "
http://p3-raw.greenpeace.org/slovenia/si/Blog/Blog/majhni-a-moni/blog/44835/,"april 19, 2013 "
http://p3-raw.greenpeace.org/slovenia/si/Blog/Blog/biti-prostovoljec/blog/45042/,"maj 8, 2013 "
http://p3-raw.greenpeace.org/slovenia/si/multimedija/Fotografije/endcoalfoto/,"julij 1, 2013"
http://p3-raw.greenpeace.org/slovenia/si/multimedija/Fotografije/endcoalfoto11/,"julij 3, 2013"
http://p3-raw.greenpeace.org/slovenia/si/multimedija/Fotografije/endcoalfoto1/,"julij 3, 2013"
http://p3-raw.greenpeace.org/slovenia/si/Blog/Blog/brezmejne-monosti-obnovljive-energije/blog/49437/,"maj 29, 2014 "
http://p3-raw.greenpeace.org/slovenia/si/Blog/Blog/novice-iz-svetovne-energetske-revolucije-t-4/blog/50454/,"september 1, 2014 "
http://p3-raw.greenpeace.org/slovenia/si/Blog/Blog/navrhu-triglava-da-reimo-arktiko/blog/50704/,"september 22, 2014 "
http://p3-raw.greenpeace.org/slovenia/si/Blog/Blog/nemija-ve-obnovljivih-virov-bolj-stabilno-omr/blog/50748/,"september 24, 2014 "
http://p3-raw.greenpeace.org/slovenia/si/Blog/Blog/podnebne-spremembe-slovenci-so-svoje-povedali/blog/51045/,"oktober 23, 2014 "
http://p3-raw.greenpeace.org/slovenia/si/Blog/Blog/ove-ali-se-zavedamo-novosti-in-priloznosti/blog/51201/,"november 5, 2014 "
http://p3-raw.greenpeace.org/slovenia/si/Blog/Blog/primerjava-strokov-sonnih-elektrarn-in-tea-6/blog/51349/,"november 14, 2014 "
http://p3-raw.greenpeace.org/slovenia/si/Blog/Blog/print-green-slv-tiskaj-zeleno/blog/51532/,"december 1, 2014 "
http://p3-raw.greenpeace.org/slovenia/si/Blog/Blog/ocean-plastike/blog/51754/,"december 20, 2014 "
http://p3-raw.greenpeace.org/slovenia/si/multimedija/Fotografije/Gradovi-Kralja-Matjaa---30-januar-2016/,"februar 3, 2016"
http://p3-raw.greenpeace.org/slovenia/si/kaj-delamo/_kemikalije/_umazano_perilo/,"marec 22, 2012 na 9:00"
http://p3-raw.greenpeace.org/slovenia/si/Blog/Blog/dan-za-spremembe-dan-za-sodelovanje/blog/59372/,"maj 11, 2017 "
http://p3-raw.greenpeace.org/slovenia/si/Blog/Blog/5-stvari-ki-jih-verjetno-niste-vedeli-o-antar/blog/60983/,"januar 11, 2018 "
http://p3-raw.greenpeace.org/slovenia/si/Blog/Blog/plujemo-k-varovanju-antarktike/blog/61008/,"januar 17, 2018 "
http://p3-raw.greenpeace.org/slovenia/si/Blog/Blog/najbolji-pingvin-antarktike/blog/61028/,"januar 20, 2018 "
http://p3-raw.greenpeace.org/slovenia/si/Blog/Blog/potopitev-na-dno-antarktinega-oceana-je-izpol/blog/61098/,"januar 25, 2018 "
http://p3-raw.greenpeace.org/slovenia/si/Blog/Blog/za-valentinovo-najbolj-ljubee-ivali-antarktik/blog/61145/,"februar 14, 2018 "
http://p3-raw.greenpeace.org/slovenia/si/_Arhiv/photosvideo/Video/Poziv-za-isto-energijo1/,"november 28, 2011 na 15:30"
http://p3-raw.greenpeace.org/slovenia/si/_Arhiv/photosvideo/webcams/Webcam-Esperanza/,"april 26, 2010 na 11:06"
http://p3-raw.greenpeace.org/slovenia/si/Blog/Blog/naftni-otoki-jadrana/blog/52435/,"marec 27, 2015 "
http://p3-raw.greenpeace.org/slovenia/si/Blog/Blog/ladijski-dnevnik-pot-in-prvi-dnevi-1242015/blog/52585/,"april 12, 2015 "
http://p3-raw.greenpeace.org/slovenia/si/Blog/Blog/gostujoi-blog-dr-mihael-g-tomi-nastavki-za-dr/blog/48921/,"april 14, 2014 "
http://p3-raw.greenpeace.org/slovenia/si/multimedija/Fotografije/Predaja-10000-podpisov-SOS-za-Jadran-Hrvaki-ambasadi-v-Ljubljani-23-april-2015/,"julij 27, 2015"
http://p3-raw.greenpeace.org/slovenia/si/multimedija/Fotografije/ArtKamp-6-julij-2015/,"julij 27, 2015"
http://p3-raw.greenpeace.org/slovenia/si/multimedija/Fotografije/Projekcija-v-Piranu-7-avgust-2015/,"avgust 31, 2015"
http://p3-raw.greenpeace.org/slovenia/si/multimedija/Fotografije/OverJam-Festival-13-avgust-2015/,"avgust 31, 2015"
http://p3-raw.greenpeace.org/slovenia/si/multimedija/Fotografije/Sonni-kiosk-v-Piranu-8-in-9-avgust-2015/,"avgust 31, 2015"
http://p3-raw.greenpeace.org/slovenia/si/multimedija/Fotografije/Podnebni-shod-v-Ljubljani-29-november-2015/,"december 28, 2015"
http://p3-raw.greenpeace.org/slovenia/si/multimedija/Fotografije/Delavnica-kritine-pismenosti-16-in-17-januar-2016/,"februar 3, 2016"
http://p3-raw.greenpeace.org/slovenia/si/multimedija/Fotografije/endcoalfoto111/,"julij 25, 2013"
http://p3-raw.greenpeace.org/slovenia/si/multimedija/Fotografije/endcoalfoto1111/,"avgust 13, 2013"
http://p3-raw.greenpeace.org/slovenia/si/Blog/Blog/vpraanje-zaite-arktike-ni-ve-zakaj-temve-zaka/blog/46807/,"september 28, 2013 "
http://p3-raw.greenpeace.org/slovenia/si/multimedija/Fotografije/akcija_hse1111/,"oktober 7, 2013"
http://p3-raw.greenpeace.org/slovenia/si/multimedija/Fotografije/Teden-brez-plastike-2014/,"september 4, 2014"
http://p3-raw.greenpeace.org/slovenia/si/multimedija/Fotografije/Kampanja-Sonce-je-zastonj/,"september 4, 2014"
http://p3-raw.greenpeace.org/slovenia/si/multimedija/Fotografije/Mavrini-bojevnik-v-Kopru/,"september 5, 2014"
http://p3-raw.greenpeace.org/slovenia/si/multimedija/Fotografije/Vegetarijanski-piknik-10-avgust-2014/,"september 5, 2014"
http://p3-raw.greenpeace.org/slovenia/si/multimedija/Fotografije/Greenpeace-na-OverJam-festivalu/,"september 5, 2014"
http://p3-raw.greenpeace.org/slovenia/si/multimedija/Fotografije/Drsanje-na-svetovni-dan-polarnih-medvedov/,"september 4, 2014"
http://p3-raw.greenpeace.org/slovenia/si/multimedija/Fotografije/4-Eko-druinski-piknik-alec---7-6-2014/,"september 4, 2014"
http://p3-raw.greenpeace.org/slovenia/si/multimedija/Fotografije/ienje-obale-20-september-2014/,"september 25, 2014"
http://p3-raw.greenpeace.org/slovenia/si/multimedija/Fotografije/Kolesarjenje-IceRide-za-Arktiko/,"oktober 6, 2014"
http://p3-raw.greenpeace.org/slovenia/si/multimedija/Fotografije/Mountains-and-rooftops/,"september 8, 2014"
http://p3-raw.greenpeace.org/slovenia/si/Blog/Blog/toliko-je-na-kocki/blog/50923/,"oktober 10, 2014 "
http://p3-raw.greenpeace.org/slovenia/si/multimedija/Fotografije/Kampanja-Trajnostni-ribolov-21-november-2014/,"november 23, 2014"
http://p3-raw.greenpeace.org/slovenia/si/multimedija/Fotografije/Gradovi-Kralja-Matjaa-31-januar-2015/,"februar 3, 2015"
http://p3-raw.greenpeace.org/slovenia/si/Blog/Blog/za-spremembe-zemljo-in-abice/blog/52472/,"april 2, 2015 "
http://p3-raw.greenpeace.org/slovenia/si/Blog/Blog/ladijski-dnevnik-pred-odhodom-442015/blog/52510/,"april 4, 2015 "
http://p3-raw.greenpeace.org/slovenia/si/_Arhiv/photosvideo/webcams/Webcam-Esperanza1/,"april 26, 2010 na 11:06"
http://p3-raw.greenpeace.org/slovenia/si/_Arhiv/photosvideo/Fotografije/S-isto-energijo-do-razvojnega-preboja-Slovenije2/,"marec 25, 2012"
http://p3-raw.greenpeace.org/slovenia/si/multimedija/webcams/spletna-Rainbow-Warrior/,"april 26, 2010 na 10:15"
http://p3-raw.greenpeace.org/slovenia/si/multimedija/Fotografije/S-isto-energijo-do-razvojnega-preboja-Slovenije1/,"november 9, 2011"
http://p3-raw.greenpeace.org/slovenia/si/_at/Verbund/Sujet1/,"december 15, 2011"
http://p3-raw.greenpeace.org/slovenia/si/multimedija/Fotografije/S-isto-energijo-do-razvojnega-preboja-Slovenije21/,"julij 27, 2012"
http://p3-raw.greenpeace.org/slovenia/si/Blog/Blog/nekaterim-ljudem-veja-poraba-energije-pomeni-/blog/42859/,"oktober 26, 2012 "
http://p3-raw.greenpeace.org/slovenia/si/Blog/Blog/prerastimo-jedrsko-energijo/blog/40760/,"junij 4, 2012 "
http://p3-raw.greenpeace.org/slovenia/si/Blog/Blog/nagrada-javnosti-nabolj-brezvestnim-svetovnim/blog/38570/,"januar 5, 2012 "
http://p3-raw.greenpeace.org/slovenia/si/Blog/Blog/ocena-strank-z-vidika-njihove-podpore-isti-en/blog/37931/,"november 21, 2011 "
http://p3-raw.greenpeace.org/slovenia/si/multimedija/webcams/spletna-Esperanza/,"april 26, 2010 na 11:06"
http://p3-raw.greenpeace.org/slovenia/si/multimedija/webcams/spletna-Arctic-Sunrise/,"april 26, 2010 na 11:06"
http://p3-raw.greenpeace.org/slovenia/si/multimedija/Video/Poziv-za-isto-energijo1/,"november 28, 2011 na 15:30"
http://p3-raw.greenpeace.org/slovenia/si/multimedija/Video/ne_jedrski/,"april 5, 2012 na 11:30"
http://p3-raw.greenpeace.org/slovenia/si/multimedija/Fotografije/S-isto-energijo-do-razvojnega-preboja-Slovenije/,"marec 5, 2012"
http://p3-raw.greenpeace.org/slovenia/si/multimedija/Fotografije/akcija_hse11/,"april 23, 2013"
http://p3-raw.greenpeace.org/slovenia/si/multimedija/Fotografije/akcija_hse1/,"marec 29, 2013"
http://p3-raw.greenpeace.org/slovenia/si/Blog/Blog/zara-je-prisluhnila-ljudem/blog/43182/,"november 29, 2012 "
http://p3-raw.greenpeace.org/slovenia/si/Blog/Blog/energija-okoli-nas-ali-kaj-imajo-skupnega-kav/blog/42398/,"oktober 2, 2012 "
http://p3-raw.greenpeace.org/slovenia/si/Blog/Blog/rio-20-prihodnost-ki-jo-elimo-vs-dokument-o-k/blog/41042/,"junij 20, 2012 "
http://p3-raw.greenpeace.org/slovenia/si/Blog/Blog/kdor-zavestno-zmanjuje-porabo-energije-je-lah/blog/39375/,"marec 6, 2012 "
http://p3-raw.greenpeace.org/slovenia/si/Blog/Blog/valentinovo-darilo-za-poslance/blog/39049/,"februar 14, 2012 "
http://p3-raw.greenpeace.org/slovenia/si/Blog/Blog/ast-reena-podnebje-e-vedno-na-akanju/blog/38459/,"december 19, 2011 "
http://p3-raw.greenpeace.org/slovenia/si/Blog/Blog/stranke-ekoloke-na-papirju-pri-te-6-in-nek-ii/blog/38093/,"november 30, 2011 "
http://p3-raw.greenpeace.org/slovenia/si/Blog/Blog/greenpeaceova-akcija-kaj-smo-eleli-povedati-p/blog/37747/,"november 9, 2011 "
http://p3-raw.greenpeace.org/slovenia/si/Blog/Blog/trajnostno-energetiko-ovirajo-interesi-ne-teh/blog/37446/,"oktober 21, 2011 "
http://p3-raw.greenpeace.org/slovenia/si/Blog/Blog/kaj-nam-bodo-nove-ladje-e-ne-bomo-imeli-esa-l/blog/43254/,"december 4, 2012 "
http://p3-raw.greenpeace.org/slovenia/si/multimedija/Fotografije/S-isto-energijo-do-razvojnega-preboja-Slovenije2/,"marec 25, 2012"
http://p3-raw.greenpeace.org/slovenia/si/multimedija/Fotografije/S-isto-energijo-do-razvojnega-preboja-Slovenije211/,"november 17, 2012"
http://p3-raw.greenpeace.org/slovenia/si/multimedija/Fotografije/akcija_hse/,"december 6, 2012"
http://p3-raw.greenpeace.org/slovenia/si/multimedija/Fotografije/Sadnja-dreves-21-marec-2015/,"april 2, 2015"
http://p3-raw.greenpeace.org/slovenia/si/multimedija/Fotografije/Tiskovna-konferenca-SOS-za-Jadran-24-marec-2015/,"april 2, 2015"
http://p3-raw.greenpeace.org/slovenia/si/multimedija/Fotografije/Dan-za-spremembe-Ura-za-Zemljo-28-marec-2015/,"april 2, 2015"
http://p3-raw.greenpeace.org/slovenia/si/Blog/Blog/predsedniki-kandidati-o-okolju/blog/60508/,"oktober 20, 2017 "
http://p3-raw.greenpeace.org/slovenia/si/Blog/Blog/elektrine-avte-naj-poganja-sonce/blog/60543/,"oktober 25, 2017 "
http://p3-raw.greenpeace.org/slovenia/si/Medijsko-sredisce/zadnje-objave/pre-ernov-trg-ljubljana-na/,"marec 17, 2009 na 15:28"
http://p3-raw.greenpeace.org/slovenia/si/multimedija/Fotografije/loveka-veriga-23-avgust-2014/,"september 5, 2014"
