http://p3-raw.greenpeace.org/greenland/kl/Om-siden/,"aggusti 21, 2015 at 13:04"
http://p3-raw.greenpeace.org/greenland/kl/Suliagut/,"juli 16, 2015 at 12:01"
http://p3-raw.greenpeace.org/greenland/kl/Tusagassiutit/,"juli 16, 2015 at 12:16"
http://p3-raw.greenpeace.org/greenland/kl/Greenpeace-Pillugu/,"juli 16, 2015 at 11:59"
http://p3-raw.greenpeace.org/greenland/kl/Tusagassiutit/Nalunaarusiat-allakkallu-takussutissat/,"oktobari 20, 2015 at 14:38"
http://p3-raw.greenpeace.org/greenland/kl/Nyheder-og-blogs/,"aggusti 20, 2015 at 14:35"
http://p3-raw.greenpeace.org/greenland/kl/Nyheder-og-blogs/2015/Greenpeacegl-imut-tikilluarit/,"septembari 23, 2015 at 16:13"
http://p3-raw.greenpeace.org/greenland/kl/Nyheder-og-blogs/2015/Taamaammat-Kalaallit-Nunaanni-seqqortorsisarluni-misileraasarnerit-misissorpagagut/,"oktobari 20, 2015 at 14:13"
http://p3-raw.greenpeace.org/greenland/kl/Om-siden/Copyright/,"aggusti 21, 2015 at 13:13"
http://p3-raw.greenpeace.org/greenland/kl/Om-siden/Privacy-Policy/,"aggusti 21, 2015 at 13:15"
http://p3-raw.greenpeace.org/greenland/kl/Suliagut/Issittumi-qilleraluni-uuliasiorneq/,"juli 9, 2015 at 14:38"
http://p3-raw.greenpeace.org/greenland/kl/Tusagassiutit/Nalunaarusiat-allakkallu-takussutissat/Greenpeacep-tusarniummut-oqaaseqaataa/,"oktobari 20, 2015 at 15:42"
http://p3-raw.greenpeace.org/greenland/kl/Greenpeace-Pillugu/Nunani-avannarlerni/,"juli 9, 2015 at 14:50"
http://p3-raw.greenpeace.org/greenland/kl/Nyheder-og-blogs/2015/Nalunaarusiap-nutaap-sajuppillatsitsilluni-misissuineq-arfernut-aarlerinartoqartippaa/,"aggusti 24, 2015 at 13:00"
http://p3-raw.greenpeace.org/greenland/kl/Nyheder-og-blogs/2015/Tunup-avannaani-sajuppillatsitsilluni-misissuinissamik-akuersissut-arfernik-ajoqusiisinnaavoq/,"aggusti 6, 2015 at 16:30"
http://p3-raw.greenpeace.org/greenland/kl/Tusagassiutit/Nalunaarusiat-allakkallu-takussutissat/Baffinip-kangerliumarngani-Kaalaallit-Nunaata-avannaatakitaani-uuliamik-gassimillu-ujaasilluni-misissuinermi-atuinissamilu-avatangiisinik-naliliineq-pillugu-Greenpeacemit-tusarniaanermut-akissut/,"januari 17, 2017 at 13:01"
http://p3-raw.greenpeace.org/greenland/kl/Greenpeace-Pillugu/nunarsuaq-tamakkerlugu-suliniaqatigiiffik/,"juli 9, 2015 at 14:48"
http://p3-raw.greenpeace.org/greenland/kl/Greenpeace-Pillugu/oqaluttuassartaa/,"juli 9, 2015 at 14:20"
http://p3-raw.greenpeace.org/greenland/kl/Suliagut/Urani-aatsitassanillu-piiaaneq/,"juli 9, 2015 at 14:41"
http://p3-raw.greenpeace.org/greenland/kl/Nyheder-og-blogs/Blog/naalakkersuisut-qamutilissortitsipput/blog/53939/,"aggusti 28, 2015 "
http://p3-raw.greenpeace.org/greenland/kl/Nyheder-og-blogs/Blog/issittup-imartaani-aalisakkat-illersorneqassa/blog/55235/,"januari 6, 2016 "
http://p3-raw.greenpeace.org/greenland/kl/Nyheder-og-blogs/Blog/eqqartuussivilersuussineq-oqaluttuarisaanermi/blog/58171/,"novembari 30, 2016 "
http://p3-raw.greenpeace.org/greenland/kl/Nyheder-og-blogs/2016/Inuit-Greenpeace-suleqatigalugu-seqinisaatinik-ikkussuipput-/,"septembari 19, 2016 at 13:30"
http://p3-raw.greenpeace.org/greenland/kl/Nyheder-og-blogs/2016/ISSITTOQ-MIANERSUUGUK-NAJUGARAARPUT/,"aggusti 18, 2016 at 14:52"
http://p3-raw.greenpeace.org/greenland/kl/Tusagassiutit/Nalunaarusiat-allakkallu-takussutissat/Greenpeacep-tusarniummut-oqaaseqaataa/,"oktobari 20, 2015 at 15:42"
http://p3-raw.greenpeace.org/greenland/kl/Tusagassiutit/Nalunaarusiat-allakkallu-takussutissat/Baffinip-kangerliumarngani-Kaalaallit-Nunaata-avannaatakitaani-uuliamik-gassimillu-ujaasilluni-misissuinermi-atuinissamilu-avatangiisinik-naliliineq-pillugu-Greenpeacemit-tusarniaanermut-akissut/,"januari 17, 2017 at 13:01"