http://p3-raw.greenpeace.org/africa/fr/Presse/Tchernobyl-Fukushima-cicatrices-visibles/,"mars 11, 2016 à 15:49"
http://p3-raw.greenpeace.org/africa/fr/Presse/Le-navire-de-Greenpeace-MY-Esperanza-en-expedition-dans-les-eaux-ouest-africaines/,"février 24, 2017 à 11:30"
http://p3-raw.greenpeace.org/africa/fr/Presse/Greenpeace-condamne-lexpulsion-dun-realisateur-francais--et-lannulation-du-visa-dun-employe-par-la-RDC/,"mars 2, 2017 à 9:53"
http://p3-raw.greenpeace.org/africa/fr/Presse/Les-donateurs-versent-des-millions-de-dollars-pour-la-protection-des-forets-alors-que-le-gouvernement-de-la-RDC-viole-une-nouvelle-fois-le-moratoire-de-2002/,"février 1, 2017 à 14:46"
http://p3-raw.greenpeace.org/africa/fr/Presse/Les-lacunes-et-omissions-de-laudit-sur-les-activites-de-la-CCT-ordonne--par-le-Ministere-camerounais-des-Forets-et-de-la-Faune-soulignent-la-necessite--dun-systeme-de-suivi-independant-des-reglementations-forestieres/,"novembre 18, 2016 à 9:49"
http://p3-raw.greenpeace.org/africa/fr/Presse/Des-ailerons-de-requins-trouves-a-bord-de-navires-de-peche-etrangers-au-cours-dune-patrouille-conjointe-Greenpeace---Guinee/,"avril 10, 2017 à 10:02"
http://p3-raw.greenpeace.org/africa/fr/Presse/des-recommandations-fortes-pour-les-etats-ouest-africains/,"mai 4, 2017 à 15:51"
http://p3-raw.greenpeace.org/africa/fr/Presse/Greenpeace-Africa-inculque-les-valeurs-de-la-foret-aux-jeunes-pendant-la-commemoration-de-la-5eme-edition-de-la-journee-internationale-de-la-foret/,"mars 21, 2017 à 8:42"
http://p3-raw.greenpeace.org/africa/fr/Presse/societe-huile-palme-systeme-judiciaire-condamnation-environnementaliste-Cameroun/,"novembre 18, 2015 à 10:37"
http://p3-raw.greenpeace.org/africa/fr/Presse/Greenpeace-demande-actions-COP21/,"novembre 30, 2015 à 18:57"
http://p3-raw.greenpeace.org/africa/fr/nous-rejoindre/Mobile-Oceans/,"novembre 19, 2015 à 18:06"
http://p3-raw.greenpeace.org/africa/fr/nous-rejoindre/Mobile-climat/,"novembre 19, 2015 à 18:06"
http://p3-raw.greenpeace.org/africa/fr/Presse/Publications/Couper-le-droit-de-parole-/,"mai 18, 2017 à 13:03"
http://p3-raw.greenpeace.org/africa/fr/Presse/Greenpeace-invite-les-presidents-senegalais-et-mauritanien-a-oeuvrer-pour-une-gestion-regionale-de-la-peche-en-Afrique-de-lOuest/,"février 9, 2018 à 14:24"
http://p3-raw.greenpeace.org/africa/fr/Presse/Les-volontaires-de-Greenpeace-participent-au-mouvement-mondial-pour-la-reduction-des-plastiques-a-usage-unique1/,"avril 19, 2018 à 14:21"
http://p3-raw.greenpeace.org/africa/fr/Presse/Greenpeace-Africa-repond-aux-fuites-en-Afrique-de-lOuest/,"mai 29, 2018 à 12:31"
http://p3-raw.greenpeace.org/africa/fr/Presse/Greenpeace-Afrique-appelle-a-une-meilleure-protection-des-defenseurs-de-lenvironnement-/,"juin 21, 2018 à 13:09"
http://p3-raw.greenpeace.org/africa/fr/Presse/Des-militants-de-Greenpeace-ont-proteste-devant-les-locaux-de-lANAM-pour-exiger-le-re-jaugeage-complet-des-navires-de-peche-au-Senegal/,"juillet 18, 2018 à 15:13"
http://p3-raw.greenpeace.org/africa/fr/Presse/Greenpeace-Afrique-demande-une-solution-definitive-a-la-situation-de-la-peche-entre-le-Senegal-et--la-Mauritanie/,"septembre 3, 2018 à 8:18"
http://p3-raw.greenpeace.org/africa/fr/Presse/Reaction-de-Greenpeace-Afrique-a-la-declaration-du-Ministre-senegalais-de-lenvironnement-et-du-developpement-durable-sur-le-peril-plastique/,"octobre 16, 2018 à 14:27"
http://p3-raw.greenpeace.org/africa/fr/presentation/contactez-nous/,"novembre 12, 2008 à 9:22"
http://p3-raw.greenpeace.org/africa/fr/Presse/Le-navire-de-Greenpeace-arrive-pour-la-premiere-fois-au-Cameroun-avec-un-message-pour-la-protection-de-la-foret-du-Bassin-du-Congo/,"octobre 13, 2017 à 12:14"
http://p3-raw.greenpeace.org/africa/fr/Presse/Greenpeace-Afrique-et-ses-partenaires-examinent-des-solutions-face-a-la-mauvaise-gestion-des-forets-au-Cameroun/,"octobre 16, 2017 à 12:29"
http://p3-raw.greenpeace.org/africa/fr/notre-action/Protegeons-les-forets/,"décembre 29, 2009 à 0:43"
http://p3-raw.greenpeace.org/africa/fr/Presse/Greenpeace-Afrique-lance-une-plateforme-de-campagne-en-ligne-pour-renforcer-lactivisme-environnemental-en-Afrique/,"juin 5, 2018 à 15:00"
http://p3-raw.greenpeace.org/africa/fr/Presse/Reactive-sur-les-derniers-developpements-sur-les-parcs-nationaux--des-Virunga-et-de-la-Salonga-en-RDC-/,"juillet 23, 2018 à 8:58"
http://p3-raw.greenpeace.org/africa/fr/Presse/Greenpeace-Africa-exhorte-Halcyon-Agri-a-stopper-la-destruction-des-moyens-de-subsistance-des-communautes-et-la-biodiversite-au-Cameroun-/,"juillet 25, 2018 à 8:05"
http://p3-raw.greenpeace.org/africa/fr/Presse/Over-90-of-sampled-salt-brands-globally-found-to-contain-microplastics/,"octobre 22, 2018 à 9:52"
http://p3-raw.greenpeace.org/africa/fr/Presse/Disparition-de-pecheurs-senegalais-en-mer--Greenpeace-demande-a-lEtat-du-Senegal-de-renforcer-la-securite-des-pecheurs-artisans/,"octobre 23, 2018 à 11:23"
http://p3-raw.greenpeace.org/africa/fr/Presse/Greenpeace-Afrique-denonce-la-campagne-de-greenwashing-de-la-Republique-du-Congo-lors-de-la-Semaine-africaine-du-petrole/,"novembre 8, 2018 à 9:40"
http://p3-raw.greenpeace.org/africa/fr/Presse/communiques-de-presse/Les-communautes-forestieres-de-la-RDC-a-la-merci-dun-secteur-forestier-irresponsable/,"novembre 13, 2014 à 10:11"
http://p3-raw.greenpeace.org/africa/fr/Presse/communiques-de-presse/Lenergie-solaire-au-service-de-leducation-en-Republique-Democratique-du-Congo/,"décembre 2, 2014 à 15:09"
http://p3-raw.greenpeace.org/africa/fr/Presse/communiques-de-presse/Vers-un-modele-alternatif-dexploitation-forestiere-au-Cameroun/,"décembre 17, 2014 à 11:25"
http://p3-raw.greenpeace.org/africa/fr/Presse/communiques-de-presse/Greenpeace-salue-lengagement-du-President-mauritanien-pour-la-transparence-dans-le-domaine-de-la-peche-maritime-en-Afrique/,"janvier 26, 2015 à 16:20"
http://p3-raw.greenpeace.org/africa/fr/notre-action/Protegeons-les-forets/ensembles-pour-la-foret/Donnez-votre-voix-pour-la-foret-2/,"septembre 5, 2015 à 18:30"
http://p3-raw.greenpeace.org/africa/fr/notre-action/changement-climatique/COP21-les-news/,"décembre 3, 2015 à 9:15"
http://p3-raw.greenpeace.org/africa/fr/Presse/La-Socfin-publie-enfin-une-politique-Zero-Deforestation/,"décembre 9, 2016 à 10:49"
http://p3-raw.greenpeace.org/africa/fr/Presse/Greenpeace-nouveaux-cas-mauvaises-pratiques-peche-Afrique-Ouest/,"mars 19, 2017 à 11:41"
http://p3-raw.greenpeace.org/africa/fr/Presse/Le-president-de-la-Guinee-Bissau-Jose-Mario-Vaz-rend-visite-au-bateau-de-Greenpeace-apres-larrestation-de-navires-de-peche-illegaux/,"mars 29, 2017 à 9:28"
http://p3-raw.greenpeace.org/africa/fr/Presse/Reaction-de-Greenpeace-Afrique-au-jugement-des-attaques-contre-les-communautes-de-Yalisika/,"décembre 16, 2015 à 14:29"
http://p3-raw.greenpeace.org/africa/fr/Presse/reaction-greenpeace-sacs-plastiques/,"janvier 21, 2016 à 10:52"
http://p3-raw.greenpeace.org/africa/fr/Presse/condamnation-besingi-reaction-greenpeace/,"janvier 22, 2016 à 17:07"
http://p3-raw.greenpeace.org/africa/fr/Presse/050-arrete-RDCongo-remet-en-cause-engagements-COP21-sur-protection-forets/,"décembre 17, 2015 à 13:30"
http://p3-raw.greenpeace.org/africa/fr/Presse/LAgriculture-ecologique-rapporte-plus-aux-petits-producteurs/,"août 14, 2015 à 12:34"
http://p3-raw.greenpeace.org/africa/fr/nous-rejoindre/Oui-pour-un-code-de-la-peche-progressiste-au-Senegal/,"septembre 19, 2014 à 12:51"
http://p3-raw.greenpeace.org/africa/fr/Presse/La-directrice-executive-de-Greenpeace-Afrique-remporte-un-prestigieux-prix-des-droits-de-lHomme-/,"février 1, 2018 à 10:16"
http://p3-raw.greenpeace.org/africa/fr/Presse/Le-gouvernement-de-RDC-retablit-des-concessions-forestieres-illegales-en-violation-de-son-propre-moratoire/,"février 20, 2018 à 12:36"
http://p3-raw.greenpeace.org/africa/fr/Presse/Greenpeace-Africa-repond-au-Ministre-de-lEnvironnement-et-du-Developpement-Durable-Amy-Ambatobe/,"février 27, 2018 à 17:05"
http://p3-raw.greenpeace.org/africa/fr/Presse/Le-gouvernement-congolais-dois-stopper-ses-plans/,"mars 8, 2018 à 14:09"
http://p3-raw.greenpeace.org/africa/fr/Presse/La-Chine-suspend-les-subventions-et-retire-la-licence-a-des-compagnies-impliquees-dans-des-activites-de-peche-illegale-en-Afrique-de-lOuest/,"mars 9, 2018 à 12:28"
http://p3-raw.greenpeace.org/africa/fr/Presse/Greenpeace-Afrique-ouvre-un-espace-vert-pilote-a-Yaounde/,"mars 22, 2018 à 14:03"
http://p3-raw.greenpeace.org/africa/fr/Presse/La-Republique-du-Congo-et-la-Republique-Democratique-du-Congo-doivent-traduire-les-paroles-en-actes-pour-assurer-la-protection-des-tourbieres/,"mars 26, 2018 à 15:42"
http://p3-raw.greenpeace.org/africa/fr/Presse/Greenpeace-Africa-repond-a-PIDMA-Cameroun-en-important-1000-tonnes-de-semences-de-mais/,"avril 9, 2018 à 13:05"
http://p3-raw.greenpeace.org/africa/fr/Presse/Le-Ministere-de-lenvironnement-et-du-developpement-durable-de-RDC-cherche-a-attribuer-une-zone-a-la-superficie-la-Belgique-pour-lexploitation-forestiere-industrielle/,"avril 16, 2018 à 10:33"
http://p3-raw.greenpeace.org/africa/fr/Presse/communiques-de-presse/AMNESTY-INTERNATIONAL--GREENPEACE-INTERNATIONAL-PRESS-RELEASE-/AMNESTY-INTERNATIONAL--GREENPEACE-PAYS-BAS/,"septembre 25, 2012 à 14:06"
http://p3-raw.greenpeace.org/africa/fr/Presse/Greenpeace-demande-enquete-cargaison-Modern-Express/,"février 5, 2016 à 17:32"
http://p3-raw.greenpeace.org/africa/fr/Presse/Une-action-coordonnee-est-urgente-pour-eradiquer-le-commerce-de-bois--illegal-dans-le-Bassin-du-Congo/,"septembre 9, 2015 à 13:34"
http://p3-raw.greenpeace.org/africa/fr/Presse/WFD-La-pression-monte-contre-les-OGM/,"octobre 15, 2015 à 14:56"
http://p3-raw.greenpeace.org/africa/fr/Actualities/actualites/,"janvier 1, 2010 à 17:00"
http://p3-raw.greenpeace.org/africa/fr/notre-action/Autres-campagnes-Greenpeace/,"janvier 6, 2010 à 22:28"
http://p3-raw.greenpeace.org/africa/fr/Presse/communiques-de-presse/Greenpeace-empeche-les-navires-usines-etrangers-de-vider-les-eaux-africaines/,"mars 15, 2012 à 16:42"
http://p3-raw.greenpeace.org/africa/fr/Presse/communiques-de-presse/Scandale-des-autorisations-de-peche-pelagique-cotiere/,"mars 23, 2012 à 9:29"
http://p3-raw.greenpeace.org/africa/fr/Presse/communiques-de-presse/Greenpeace-et-les-pecheurs-senegalais-cooperent-pour-lutter-contre-la-surpeche/,"février 16, 2012 à 11:33"
http://p3-raw.greenpeace.org/africa/fr/Presse/communiques-de-presse/Greenpeace-denonce-la-presence-dun-autre-chalutier-geant-dans-les-eaux-senegalaises/,"février 20, 2012 à 13:29"
http://p3-raw.greenpeace.org/africa/fr/Presse/communiques-de-presse/Plus-de-6000-pecheurs-artisans-du-Senegal-interpellent-les-hommes-politiques-sur-la-defense-des-interets-des-communautes-/,"janvier 19, 2012 à 15:48"
http://p3-raw.greenpeace.org/africa/fr/Presse/communiques-de-presse/Appel-aux-futurs-dirigeants-du-Senegal-pour-une-gestion-durables-des-ressources-halieutiques/,"janvier 14, 2012 à 9:00"
http://p3-raw.greenpeace.org/africa/fr/Presse/communiques-de-presse/Greenpeace-lance-un-film-sur-lamelioration-des-captures-dans-les-pecheries-senegalaises-/,"août 24, 2012 à 17:02"
http://p3-raw.greenpeace.org/africa/fr/Presse/communiques-de-presse/Greenpeace-denonce-le-pillage-organise-des-eaux-ouest-africaines/,"mars 9, 2012 à 11:17"
http://p3-raw.greenpeace.org/africa/fr/Presse/communiques-de-presse/Greenpeace-mobilise-pour-faire-obstacle-a-la-peche-illicite-dans-eaux-senegalaises/,"mars 13, 2012 à 14:43"
http://p3-raw.greenpeace.org/africa/fr/Presse/communiques-de-presse/Annulation-des-autorisations-de-peche--Greenpeace-felicite-la-decision-du-gouvernement-senegalais/,"mai 3, 2012 à 10:14"
http://p3-raw.greenpeace.org/africa/fr/Presse/Greenpeace-Afrique-exprime-son-desarroi-face-aux-activites-de-Wijma-au-Cameroun/,"août 6, 2018 à 8:46"
http://p3-raw.greenpeace.org/africa/fr/Actualities/Multimedia/Photos/,"janvier 13, 2010 à 15:14"
http://p3-raw.greenpeace.org/africa/fr/Donnez/,"août 24, 2015 à 11:19"
http://p3-raw.greenpeace.org/africa/fr/Greenpeace-Afrique-appelle-le-gouvernement-camerounais-a-ameliorer-la-redevabilite---dans-le-secteur-agricole-/,"octobre 26, 2018 à 15:29"
http://p3-raw.greenpeace.org/africa/fr/Presse/Liberte-dexpression--Greenpeace-denonce-les-attaques-dun-exploitant-forestier/,"mai 18, 2017 à 12:55"
http://p3-raw.greenpeace.org/africa/fr/Presse/Retrait-des-USA-de-laccord-de-Paris--Trump-et-les-Etats-Unis-renoncent-a-leur-position-de-leader-international/,"juin 2, 2017 à 11:11"
http://p3-raw.greenpeace.org/africa/fr/Presse/Les-gouvernements-norvegien-et-francais-menacent-la-deuxieme-foret-tropicale-du-monde/,"juillet 12, 2017 à 16:12"
http://p3-raw.greenpeace.org/africa/fr/Presse/Greenpeace-Afrique-en-totale-solidarite-avec-le-Peuple-de-la-Sierra-Leone/,"août 17, 2017 à 16:49"
http://p3-raw.greenpeace.org/africa/fr/Presse/Comment-la-RDC-a-secretement-viole-son-propre-moratoire--sur-lattribution-de-nouvelles-concessions-forestieres/,"juillet 12, 2016 à 11:54"
http://p3-raw.greenpeace.org/africa/fr/Presse/Njeri-Kabeberi-nouvelle-Directrice-Generale-de-Greenpeace-Afrique/,"septembre 27, 2016 à 14:42"
http://p3-raw.greenpeace.org/africa/fr/Actualities/actualites/REDD-a-une-semaine-a-Durban--Crainte-ou-Espoir/,"décembre 8, 2011 à 10:31"
http://p3-raw.greenpeace.org/africa/fr/Actualities/actualites/Non-au-pillage-des-Oceans/,"avril 30, 2012 à 9:41"
http://p3-raw.greenpeace.org/africa/fr/Actualities/actualites/Arretez-de-vendre-le-futur-des-Africains/,"mars 22, 2012 à 11:16"
http://p3-raw.greenpeace.org/africa/fr/Actualities/actualites/Le-vrai-prix-du-pillage-des-oceans/,"mars 12, 2012 à 9:30"
http://p3-raw.greenpeace.org/africa/fr/Actualities/actualites/Le-Rainbow-Warrior-en-Terre-Africaine/,"août 11, 2012 à 15:44"
http://p3-raw.greenpeace.org/africa/fr/Actualities/actualites/La-Trajectoire-Du-Bois-Illegal/,"juillet 3, 2013 à 12:03"
http://p3-raw.greenpeace.org/africa/fr/Actualities/actualites/La-Revision-du-Code-de-la-Peche-Maritime-du-Senegal1/,"avril 2, 2014 à 9:36"
http://p3-raw.greenpeace.org/africa/fr/Presse/Publications/Permis-de-piller/,"mai 27, 2014 à 10:20"
http://p3-raw.greenpeace.org/africa/fr/Presse/Publications/echos-de-la-foret/,"novembre 13, 2014 à 11:35"
http://p3-raw.greenpeace.org/africa/fr/Presse/Publications/Exporter-Le-Chaos/,"mai 22, 2015 à 11:00"
http://p3-raw.greenpeace.org/africa/fr/notre-action/changement-climatique/COP21-les-news/les-solutions/,"décembre 4, 2015 à 9:55"
http://p3-raw.greenpeace.org/africa/fr/notre-action/changement-climatique/COP21-les-news/cop21-forets-et-climat/,"décembre 4, 2015 à 10:22"
http://p3-raw.greenpeace.org/africa/fr/notre-action/changement-climatique/COP21-les-news/oceans-et-climat/,"décembre 8, 2015 à 17:03"
http://p3-raw.greenpeace.org/africa/fr/notre-action/changement-climatique/COP21-les-news/cop21-declaration-amnesty-international-greenpeace/,"décembre 8, 2015 à 21:08"
http://p3-raw.greenpeace.org/africa/fr/notre-action/changement-climatique/COP21-les-news/agriculture-et-climat/,"décembre 12, 2015 à 13:29"
http://p3-raw.greenpeace.org/africa/fr/Presse/Publications/Rapport-du-plaidoyer-relatif-aux-conflits-recurrents-entre-la-SODEFOR-et-le-groupement-Bokongo-a-Oshwe/,"juillet 30, 2010 à 11:32"
http://p3-raw.greenpeace.org/africa/fr/Actualities/actualites/Quel-pays-va-faire-preuve-dun-reel-leadership-a-Cancun-/,"décembre 2, 2010 à 8:55"
http://p3-raw.greenpeace.org/africa/fr/Actualities/actualites/La-peche-durable-au-centre-de-preoccupation-de-Greenpeace/,"janvier 13, 2011 à 16:13"
http://p3-raw.greenpeace.org/africa/fr/Actualities/actualites/Nouveau-Protocol-de-Peche-Scandaleux/,"octobre 18, 2011 à 15:27"
http://p3-raw.greenpeace.org/africa/fr/Actualities/actualites/Les-paysages-de-forets-intactes-Pourquoi-il-est-essentiel-de-proteger-ces-forets-de-toute-exploitation-industrielle/,"novembre 25, 2011 à 12:49"
http://p3-raw.greenpeace.org/africa/fr/Presse/Publications/entreprises-chinoises-combattre-deforestation-congo/,"novembre 24, 2015 à 11:00"
http://p3-raw.greenpeace.org/africa/fr/Actualities/actualites/La-deuxieme-foret-tropicale-au-monde-menacee-par-lhuile-de-palme-et-lexploitation-forestiere/,"novembre 25, 2016 à 12:05"
http://p3-raw.greenpeace.org/africa/fr/Presse/Surpeche--Greenpeace-lance-une-expedition-dans-locean-Indien/,"avril 22, 2016 à 17:12"
http://p3-raw.greenpeace.org/africa/fr/Presse/Declaration-de-Greenpeace-Afrique/,"novembre 21, 2012 à 13:50"
http://p3-raw.greenpeace.org/africa/fr/Presse/Du-bois-illegal-venant-de-la-RDC-saisi-au-port-Caen-par-Greenpeace-France/,"février 9, 2014 à 13:55"
http://p3-raw.greenpeace.org/africa/fr/Presse/Vers-un-modele-alternatif-dexploitation-forestiere-au-Cameroun/,"décembre 15, 2015 à 13:55"
http://p3-raw.greenpeace.org/africa/fr/Presse/Greenpeace-condamne-de-graves-violations-de-droits-de-lhomme-liees-a-lexploitation-forestiere-de-la-SIFORCO-a-Bumba-en-RDC/,"juin 16, 2011 à 13:55"
http://p3-raw.greenpeace.org/africa/fr/Presse/Greenpeace-denonce-le-pillage-organise-des-eaux-ouest-africaines/,"mars 2, 2012 à 13:55"
http://p3-raw.greenpeace.org/africa/fr/Presse/Greenpeace-mobilise-pour-faire-obstacle-a-la-peche-illicite-dans-eaux-senegalaises/,"mars 2, 2012 à 13:55"
http://p3-raw.greenpeace.org/africa/fr/Presse/Socamba-bois-vole-Cameroun-distribue-marches-internationaux/,"mai 26, 2016 à 10:48"
http://p3-raw.greenpeace.org/africa/fr/Actualities/actualites/La-Radioactivite-en-Dix-Questions/,"mars 25, 2011 à 12:41"
http://p3-raw.greenpeace.org/africa/fr/Actualities/actualites/Soutient-Massif-au--Moratoire-sur-les-Nouveaux-Titres-Forestiers/,"avril 7, 2011 à 8:00"
http://p3-raw.greenpeace.org/africa/fr/Actualities/actualites/Renouvelables--Incontournables-pour-Contrer-les-Changements-Climatiques/,"mai 12, 2011 à 16:05"
http://p3-raw.greenpeace.org/africa/fr/Actualities/actualites/Greenpeace-Condamne-de-Graves-Violations-de-Droits-de-lHomme/,"juin 17, 2011 à 9:19"
http://p3-raw.greenpeace.org/africa/fr/Actualities/actualites/Regulation-dans-les-pecheries-senegalaise/,"août 4, 2011 à 16:04"
http://p3-raw.greenpeace.org/africa/fr/Actualities/actualites/Detox--Nike-sur-le-podium-/,"août 26, 2011 à 10:30"
http://p3-raw.greenpeace.org/africa/fr/Presse/Publications/Future-Vole-Conflits-et-exploitation-forestiere-au-cur-des-foret-congolaises--Le-cas-Danzer/,"novembre 7, 2011 à 11:50"
http://p3-raw.greenpeace.org/africa/fr/Actualities/actualites/Le-Chalutage-en-Eau-Profonde-Une-Menace-pour-les-Oceans/,"novembre 3, 2011 à 11:51"
http://p3-raw.greenpeace.org/africa/fr/Actualities/actualites/Mauritanie-Arretez-de-Porter-Atteinte-a-Notre-Droit-Inalienable/,"juin 22, 2011 à 22:04"
http://p3-raw.greenpeace.org/africa/fr/Actualities/actualites/Surexploitation-des-Ressources-Marines/,"juillet 4, 2011 à 11:08"
http://p3-raw.greenpeace.org/africa/fr/Actualities/actualites/Greenpeace-Afrique--Appelle-lUE-a-Plus-dEquite-/,"juillet 13, 2011 à 13:29"
http://p3-raw.greenpeace.org/africa/fr/Actualities/actualites/Des-Filets-Vides-un-Futur-Compromis/,"septembre 30, 2011 à 9:15"
http://p3-raw.greenpeace.org/africa/fr/Actualities/actualites/Hommage-au-Professeur-Wangari-Maathai-Muta/,"septembre 26, 2011 à 14:20"
http://p3-raw.greenpeace.org/africa/fr/Actualities/actualites/Le-Senegal-annule-29-autorisations-de-peche-accordees-aux-navires-etrangers/,"mai 4, 2012 à 12:57"
http://p3-raw.greenpeace.org/africa/fr/Presse/Publications/Newsletter-Annuelle-December-2015/,"décembre 21, 2015 à 15:26"
http://p3-raw.greenpeace.org/africa/fr/Presse/Greenpeace-21e-COPACE/,"avril 20, 2016 à 13:36"
http://p3-raw.greenpeace.org/africa/fr/Presse/Fraud-sur-le-Tonnage-des-Navires-de-Peche-Industriels/,"mars 24, 2016 à 13:00"
http://p3-raw.greenpeace.org/africa/fr/Actualities/actualites/Greenpeace-Afrique-a-ladelegation-de-lUEau-Senegal-Il-urge-de-pratiquer-une-pecheresponsable/,"juillet 25, 2011 à 9:42"
http://p3-raw.greenpeace.org/africa/fr/Actualities/actualites/Greenpeace-interpelle-un-chalutier-usine-pillant-les-eaux-dAfrique-de-louest/,"mars 9, 2012 à 11:22"
http://p3-raw.greenpeace.org/africa/fr/Actualities/actualites/Herakles-Farms--ou-comment-une-entreprise-agro-industrielle-seme-la-colere-en-Afrique/,"juillet 18, 2012 à 16:07"
http://p3-raw.greenpeace.org/africa/fr/Actualities/actualites/Cameroun--Herakles-Farms-detruit-la-foret-et-les-habitants/,"novembre 26, 2012 à 10:04"
http://p3-raw.greenpeace.org/africa/fr/presentation/Notre-flotte/,"février 22, 2010 à 14:40"
http://p3-raw.greenpeace.org/africa/fr/Presse/Publications/La-reforme-forestiere-en-RD-Congo/,"mars 9, 2011 à 12:09"
http://p3-raw.greenpeace.org/africa/fr/Actualities/actualites/LOctroi-de-Nouvelles-Licences-de-Peche-Intensifier-le-Pillage-des-Ressources-Marines/,"mars 25, 2011 à 12:07"
http://p3-raw.greenpeace.org/africa/fr/Presse/Publications/Greenpeace-Appelle-a-un-Moratoire-sur-le-FSC-dans-le-Bassin-du-Congo/,"mars 29, 2011 à 15:43"
http://p3-raw.greenpeace.org/africa/fr/Actualities/actualites/Des-Pecheurs-Africains-Donnent-de-la-Voix-en-Europe/,"mai 4, 2011 à 13:41"
http://p3-raw.greenpeace.org/africa/fr/Actualities/actualites/La-Signature-dAccords-de-Peche-Equitables-AfriqueUE-est-un-Enjeu-Crucial/,"mai 16, 2011 à 9:30"
http://p3-raw.greenpeace.org/africa/fr/Actualities/actualites/Violence-dans-les-Forets-de-RDC/,"mai 19, 2011 à 16:00"
http://p3-raw.greenpeace.org/africa/fr/Actualities/actualites/Impliquer-le-parlement-dans-la-protection-des-oceans/,"octobre 7, 2013 à 13:26"
http://p3-raw.greenpeace.org/africa/fr/Presse/Annulation-des-autorisations-de-peche--Greenpeace-felicite-la-decision-du-gouvernement-senegalais/,"janvier 24, 2013 à 13:07"
http://p3-raw.greenpeace.org/africa/fr/Presse/Les-acteurs-de-la-peche-artisanale-senegalaise-lance-une-plateforme-pour-proteger-leurs-moyens-de-subsistance--/,"octobre 19, 2012 à 13:23"
http://p3-raw.greenpeace.org/africa/fr/Presse/Reaction-de-Greenpeace-sur-la-declaration-du-Ministre-de-la-peche-et-des-affaires-maritimes-du-Senegal/,"octobre 23, 2012 à 13:31"
http://p3-raw.greenpeace.org/africa/fr/Presse/erakles-Farms-detruit-la-foret-et-les-habitants/,"novembre 19, 2012 à 13:41"
http://p3-raw.greenpeace.org/africa/fr/Presse/Greenpeace-Trafigura-un-revers-pour-la-justice-environnementale--en-Afrique/,"novembre 21, 2012 à 13:55"
http://p3-raw.greenpeace.org/africa/fr/Presse/Le-changement-climatique/,"novembre 26, 2012 à 13:55"
http://p3-raw.greenpeace.org/africa/fr/Presse/Les-communautes-de-pecheurs-de-lAfrique-de-lOuest-disent-non-aux-chalutiers-monstres-/,"septembre 9, 2013 à 13:55"
http://p3-raw.greenpeace.org/africa/fr/Presse/Greenpeace-soutient-la-decision-des-pecheurs-artisans-du-Senegal-qui-disent--Non--au-renouvellement-de-laccord-de-peche-UE--Senegal/,"février 11, 2014 à 13:55"
http://p3-raw.greenpeace.org/africa/fr/Presse/Greenpeace-demande-au-gouvernement-du-Senegal-de-reconsiderer-les-termes-du-nouvel-accord-de-peche-signe-avec-lUnion-europeenne/,"avril 30, 2014 à 13:55"
http://p3-raw.greenpeace.org/africa/fr/Presse/Publications/Le-Plan-National-REDD-Developpe-en-RDC/,"novembre 23, 2010 à 15:55"
http://p3-raw.greenpeace.org/africa/fr/Actualities/actualites/Lettre-ouverte-au-Gouvernement-congolais-arretez-lexploration-petroliere-dans-le-Parc-National-de-Virunga/,"mai 9, 2012 à 9:53"
http://p3-raw.greenpeace.org/africa/fr/Presse/Publications/Detournement-du-moratoire-sur-lallocation-de-nouvelle-concessions-dexploitation-forestiere-en-Republique-Democratique-du-Congo/,"juin 5, 2012 à 10:14"
http://p3-raw.greenpeace.org/africa/fr/Presse/Publications/Critres-identifies-par-Greenpeace-au-sujet-de-la-capture-des-poissons--par-les-bateaux-monstres/,"novembre 4, 2014 à 12:44"
http://p3-raw.greenpeace.org/africa/fr/Presse/Publications/SGSOC-un-cimetiere-de-promesses-non-tenues/,"décembre 31, 2016 à 13:51"
http://p3-raw.greenpeace.org/africa/fr/Actualities/actualites/Dans-le-Bassin-Du-Congo-le-mythe-de-Lexploitation-selective-du-bois-mord-la-poussiere/,"janvier 17, 2017 à 15:18"
http://p3-raw.greenpeace.org/africa/fr/Presse/Publications/Les-donateurs-de-la-RDC-decaissent-40-millions-de-dollars-apres-loctroi-illegal-de-4000km2-de-forets/,"février 7, 2017 à 13:41"
http://p3-raw.greenpeace.org/africa/fr/Presse/Publications/Herakles-FarmsSGSOC-Histoire-dun-projet-dhuile-de-palme-destructeur-au-Cameroun/,"septembre 6, 2016 à 10:14"
http://p3-raw.greenpeace.org/africa/fr/Actualities/actualites/LUNESCO-echoue-a-proteger-la-Reserve-du-Dja-au-Cameroun-de-multiples-menaces-y-compris-la-plantation-dhevea-Sudcam/,"août 23, 2016 à 14:04"
http://p3-raw.greenpeace.org/africa/fr/Presse/Publications/Rapport-RDC-viole-moratoire-attribution-concessions-forestieres/,"juillet 22, 2016 à 9:32"
http://p3-raw.greenpeace.org/africa/fr/Presse/Publications/Importer-du-bois-de-la-Republique-democratique-du--Congo--un-business-a-haut-risque-pour-lEurope/,"avril 10, 2015 à 9:57"
http://p3-raw.greenpeace.org/africa/fr/Presse/Publications/Arnaque-sur-les-Cotes-Africaines/,"mai 4, 2015 à 20:42"
http://p3-raw.greenpeace.org/africa/fr/Presse/Publications/Les-pecheries-Africaines/,"mai 20, 2015 à 1:00"
http://p3-raw.greenpeace.org/africa/fr/Presse/Publications/Laide-bilaterale-allemande-au-secteur-forestier/,"octobre 21, 2015 à 15:38"
http://p3-raw.greenpeace.org/africa/fr/notre-action/changement-climatique/Non-au-Nucleaire/,"août 17, 2015 à 15:10"
http://p3-raw.greenpeace.org/africa/fr/Presse/Publications/Menaces-sur-les-forets-africaines/,"février 23, 2016 à 12:04"
http://p3-raw.greenpeace.org/africa/fr/Presse/Scandale-des-autorisations-de-peche-pelagique-cotiere--/,"mars 22, 2012 à 13:55"
http://p3-raw.greenpeace.org/africa/fr/Presse/Greenpeace-felicite-le-President-Macky-Sall-pour-son-Prix-Excellence-in-National-Stewardship-of-the-Ocean/,"janvier 24, 2013 à 13:55"
http://p3-raw.greenpeace.org/africa/fr/Presse/Greenpeace-salue-lannonce-du-Ministre-de-lEnvironnement-de-la-RDC-dannuler-les-concessions-forestieres-illegales--mais-demande-a-ce-que-plus-soit-fait/,"juillet 19, 2016 à 10:11"
http://p3-raw.greenpeace.org/africa/fr/Presse/Lannulation-de-trois-concessions-forestieres-illegales-en-RDC-est-un-premier-pas-essentiel-mais-pas-suffisant-selon-Greenpeace-Afrique/,"octobre 13, 2016 à 12:51"
http://p3-raw.greenpeace.org/africa/fr/Presse/Plainte-contre-SGSOC/,"octobre 4, 2016 à 10:00"
http://p3-raw.greenpeace.org/africa/fr/Presse/Les-societes-dexploitation-forestiere-de-la-RDC-et-les-importateurs-internationaux-de-bois-continuent-a-tirer-profit-dun-climat-dimpunite/,"mai 26, 2015 à 11:30"
http://p3-raw.greenpeace.org/africa/fr/nous-rejoindre/travailler/,"juillet 6, 2009 à 13:08"
http://p3-raw.greenpeace.org/africa/fr/Presse/Menace-sur-la-securite-alimentaire-en-Afrique-de-lOuest--il-faut-agir-de-toute-urgence/,"novembre 21, 2017 à 8:53"
http://p3-raw.greenpeace.org/africa/fr/notre-action/Protegeons-les-forets/Stop-Herakles-SGSOC/Actualite/,"octobre 4, 2016 à 13:19"
http://p3-raw.greenpeace.org/africa/fr/Presse/Publications/,"juillet 4, 2010 à 15:54"
http://p3-raw.greenpeace.org/africa/fr/Presse/Publications/Le-Cout-de-la-Destruction-des-Oceans1/,"novembre 22, 2017 à 15:49"
http://p3-raw.greenpeace.org/africa/fr/Actualities/Blogs-de-Greenpeace-Afrique/les-terres-devraient-nous-unir-pas-nous-oppos/blog/60091/,"août 9, 2017 "
http://p3-raw.greenpeace.org/africa/fr/Actualities/actualites/LEspoir-Renait-Dans-Les-Pecheries-Senegalaises/,"août 23, 2012 à 16:23"
http://p3-raw.greenpeace.org/africa/fr/nous-rejoindre/confirme/,"novembre 12, 2008 à 16:21"
http://p3-raw.greenpeace.org/africa/fr/Presse/Des-actions-concretes-sont-necessaires-pour-eradiquer-la-deforestation-a-lechelle-mondiale-affirme-le-directeur-de-Greenpeace/,"septembre 7, 2015 à 15:57"
http://p3-raw.greenpeace.org/africa/fr/Actualities/actualites/dechets-electroniques-stop-ou/,"mars 5, 2008 à 0:00"
http://p3-raw.greenpeace.org/africa/fr/Actualities/actualites/fran-ois-fillon-en-algerie-et/,"juin 19, 2008 à 23:00"
http://p3-raw.greenpeace.org/africa/fr/Actualities/Blogs-de-Greenpeace-Afrique/greenpeace-adresse-ses-condolances-aux-famill/blog/57619/,"septembre 28, 2016 "
http://p3-raw.greenpeace.org/africa/fr/Actualities/Blogs-de-Greenpeace-Afrique/les-dfis-de-la-coopration-rgionale-dans-la-lu/blog/57552/,"septembre 20, 2016 "
http://p3-raw.greenpeace.org/africa/fr/Actualities/Blogs-de-Greenpeace-Afrique/45-ans-de-pouvoir-citoyen/blog/57508/,"septembre 15, 2016 "
http://p3-raw.greenpeace.org/africa/fr/Actualities/Blogs-de-Greenpeace-Afrique/essais-nuclaires-ou-le-mirage-de-la-scurit/blog/57385/,"août 29, 2016 "
http://p3-raw.greenpeace.org/africa/fr/Actualities/Blogs-de-Greenpeace-Afrique/politique-commune-des-pches-du-papier-la-rali/blog/49013/,"avril 23, 2014 "
http://p3-raw.greenpeace.org/africa/fr/Actualities/Blogs-de-Greenpeace-Afrique/pourquoi-je-supporte-les-pcheurs-artisans-qui/blog/48485/,"mars 12, 2014 "
http://p3-raw.greenpeace.org/africa/fr/Actualities/Blogs-de-Greenpeace-Afrique/les-primates-victimes-collatrales-du-dveloppe/blog/47730/,"décembre 17, 2013 "
http://p3-raw.greenpeace.org/africa/fr/Actualities/Blogs-de-Greenpeace-Afrique/cest-nous-dagir-le-changement-climatique-est-/blog/53795/,"août 13, 2015 "
http://p3-raw.greenpeace.org/africa/fr/Actualities/Blogs-de-Greenpeace-Afrique/hommage-doudou-ndiaye-rose/blog/53880/,"août 23, 2015 "
http://p3-raw.greenpeace.org/africa/fr/Actualities/Blogs-de-Greenpeace-Afrique/forts-il-faut-regarder-la-ralit-en-face/blog/54054/,"septembre 11, 2015 "
http://p3-raw.greenpeace.org/africa/fr/Actualities/Blogs-de-Greenpeace-Afrique/journe-de-la-paix-2015-courage-et-compassion/blog/54171/,"septembre 22, 2015 "
http://p3-raw.greenpeace.org/africa/fr/Actualities/Blogs-de-Greenpeace-Afrique/une-victoire-pour-larctique/blog/54280/,"octobre 1, 2015 "
http://p3-raw.greenpeace.org/africa/fr/Actualities/Blogs-de-Greenpeace-Afrique/initiative-forts-en-afrique-centrale-un-pas-i/blog/54314/,"octobre 5, 2015 "
http://p3-raw.greenpeace.org/africa/fr/Actualities/Blogs-de-Greenpeace-Afrique/laide-au-dveloppement-ne-produit-pas-assez-de/blog/54549/,"octobre 26, 2015 "
http://p3-raw.greenpeace.org/africa/fr/Actualities/Blogs-de-Greenpeace-Afrique/comment-cacao-proteger-forets/blog/54699/,"novembre 9, 2015 "
http://p3-raw.greenpeace.org/africa/fr/Actualities/Blogs-de-Greenpeace-Afrique/aurevoir-greenpeace-afrique/blog/54771/,"novembre 14, 2015 "
http://p3-raw.greenpeace.org/africa/fr/Actualities/Blogs-de-Greenpeace-Afrique/huile-palme-projet-herakles-farms-cameroun/blog/54778/,"novembre 18, 2015 "
http://p3-raw.greenpeace.org/africa/fr/Actualities/Blogs-de-Greenpeace-Afrique/chine-influencer-lutte-bois-illegal/blog/54866/,"novembre 24, 2015 "
http://p3-raw.greenpeace.org/africa/fr/Actualities/Blogs-de-Greenpeace-Afrique/marchez-pour-le-climat/blog/54885/,"novembre 26, 2015 "
http://p3-raw.greenpeace.org/africa/fr/Actualities/Blogs-de-Greenpeace-Afrique/050-menace-foret-congo/blog/54990/,"décembre 4, 2015 "
http://p3-raw.greenpeace.org/africa/fr/Actualities/Blogs-de-Greenpeace-Afrique/jour-arbre-universite-RDC/blog/55038/,"décembre 8, 2015 "
http://p3-raw.greenpeace.org/africa/fr/Actualities/Blogs-de-Greenpeace-Afrique/cop21-fin-energies-fossiles/blog/55108/,"décembre 14, 2015 "
http://p3-raw.greenpeace.org/africa/fr/Actualities/Blogs-de-Greenpeace-Afrique/Greenpeace_Afrique-salon-maritime-Dakar/blog/55088/,"décembre 12, 2015 "
http://p3-raw.greenpeace.org/africa/fr/Actualities/Blogs-de-Greenpeace-Afrique/billet-de-blogue-par-ahmed-diame-charg-de-cam/blog/61267/,"mars 15, 2018 "
http://p3-raw.greenpeace.org/africa/fr/Actualities/Blogs-de-Greenpeace-Afrique/exploitation-ptrolire-et-gazire-au-sngal-de-n/blog/61603/,"juin 8, 2018 "
http://p3-raw.greenpeace.org/africa/fr/Actualities/Blogs-de-Greenpeace-Afrique/alors-que-la-rdc-sapproche-des-lections-natio/blog/61772/,"août 7, 2018 "
http://p3-raw.greenpeace.org/africa/fr/Presse/Publications/Sauvegarder-les-Forets-pour-preserver-le-climat/,"juin 25, 2010 à 14:18"
http://p3-raw.greenpeace.org/africa/fr/Actualities/actualites/Quel-avenir-pour-les-forets-dOshwe-dans-la-Province-du-Bandundu-/,"juin 1, 2010 à 10:04"
http://p3-raw.greenpeace.org/africa/fr/Presse/Publications/Le-Pillage-des-Forets-du-Congo/,"juin 25, 2010 à 14:37"
http://p3-raw.greenpeace.org/africa/fr/Actualities/actualites/dechets-electroniques-au-ghana/,"août 4, 2008 à 23:00"
http://p3-raw.greenpeace.org/africa/fr/Actualities/actualites/greenpeace-rejoint-des-million/,"octobre 30, 2009 à 0:00"
http://p3-raw.greenpeace.org/africa/fr/Presse/Publications/Cette-Afrique-Qui-Nourrit-LEurope/,"mars 8, 2011 à 10:31"
http://p3-raw.greenpeace.org/africa/fr/Actualities/actualites/RD-Congo-25-Millions-dHectares-de-Forets-Menaces-/,"février 28, 2011 à 17:54"
http://p3-raw.greenpeace.org/africa/fr/notre-action/,"novembre 12, 2008 à 16:35"
http://p3-raw.greenpeace.org/africa/fr/nous-rejoindre/,"novembre 12, 2008 à 16:20"
http://p3-raw.greenpeace.org/africa/fr/Benevoles/,"décembre 18, 2015 à 11:27"
http://p3-raw.greenpeace.org/africa/fr/notre-action/changement-climatique/,"décembre 29, 2009 à 1:07"
http://p3-raw.greenpeace.org/africa/fr/notre-action/Agriculture-Ecologique/,"juillet 23, 2015 à 12:40"
http://p3-raw.greenpeace.org/africa/fr/Actualities/Multimedia/,"janvier 13, 2010 à 14:32"
http://p3-raw.greenpeace.org/africa/fr/Presse/,"décembre 28, 2009 à 17:28"
http://p3-raw.greenpeace.org/africa/fr/Actualities/,"janvier 18, 2010 à 17:13"
http://p3-raw.greenpeace.org/africa/fr/presentation/,"novembre 12, 2008 à 16:19"
http://p3-raw.greenpeace.org/africa/fr/Actualities/Blogs-de-Greenpeace-Afrique/RDC-societe-civile-contre-levee-moratoire/blog/56149/,"avril 13, 2016 "
http://p3-raw.greenpeace.org/africa/fr/Actualities/Blogs-de-Greenpeace-Afrique/cooperer-vaincre-changement-climatique/blog/56267/,"avril 22, 2016 "
http://p3-raw.greenpeace.org/africa/fr/Actualities/Blogs-de-Greenpeace-Afrique/cecaf-des-resultats-mitiges/blog/56316/,"mai 3, 2016 "
http://p3-raw.greenpeace.org/africa/fr/Actualities/Blogs-de-Greenpeace-Afrique/breakfree2016-une-vague-mondiale-sans-prcdent/blog/56472/,"mai 18, 2016 "
http://p3-raw.greenpeace.org/africa/fr/Actualities/Blogs-de-Greenpeace-Afrique/senegal-pcheurs-artisans-prennent-parole/blog/56630/,"juin 1, 2016 "
http://p3-raw.greenpeace.org/africa/fr/Actualities/Blogs-de-Greenpeace-Afrique/une-victoire-pour-nos-forts-michelin-sengage-/blog/56737/,"juin 13, 2016 "
http://p3-raw.greenpeace.org/africa/fr/Actualities/Blogs-de-Greenpeace-Afrique/manger-moins-viande-pour-planete/blog/56751/,"juin 14, 2016 "
http://p3-raw.greenpeace.org/africa/fr/Actualities/Blogs-de-Greenpeace-Afrique/surveillance-participative-cogestion-peche/blog/56861/,"juin 24, 2016 "
http://p3-raw.greenpeace.org/africa/fr/Actualities/Blogs-de-Greenpeace-Afrique/joal-suffoquee-usines-farine-poissons/blog/56770/,"juin 15, 2016 "
http://p3-raw.greenpeace.org/africa/fr/Actualities/Blogs-de-Greenpeace-Afrique/greenpeace-retire-strategie-huile-palme-Cameroun/blog/56715/,"juin 10, 2016 "
http://p3-raw.greenpeace.org/africa/fr/Actualities/Blogs-de-Greenpeace-Afrique/afin-que-la-pche-renaisse/blog/52798/,"mai 6, 2015 "
http://p3-raw.greenpeace.org/africa/fr/Actualities/Blogs-de-Greenpeace-Afrique/son-excellence-monsieur-lambassadeur-faut-il-/blog/52950/,"mai 21, 2015 "
http://p3-raw.greenpeace.org/africa/fr/Actualities/Blogs-de-Greenpeace-Afrique/le-chaos-de-lexploitation-forestire-en-rdc-me/blog/52977/,"mai 26, 2015 "
http://p3-raw.greenpeace.org/africa/fr/Actualities/Blogs-de-Greenpeace-Afrique/message-dun-pcheur-sngalais-aux-30-de-larctiq/blog/47406/,"novembre 16, 2013 "
http://p3-raw.greenpeace.org/africa/fr/Actualities/Blogs-de-Greenpeace-Afrique/limpact-de-lartic-sunrise-dans-les-eaux-ouest/blog/47139/,"octobre 25, 2013 "
http://p3-raw.greenpeace.org/africa/fr/Actualities/Blogs-de-Greenpeace-Afrique/cameroun-manque-daction-et-de-transparence-da/blog/53753/,"août 10, 2015 "
http://p3-raw.greenpeace.org/africa/fr/Actualities/Blogs-de-Greenpeace-Afrique/merci-pre-doudou/blog/53699/,"août 5, 2015 "
http://p3-raw.greenpeace.org/africa/fr/Actualities/Blogs-de-Greenpeace-Afrique/entre-courage-et-espoir-les-petits-agriculteu/blog/53679/,"août 3, 2015 "
http://p3-raw.greenpeace.org/africa/fr/Actualities/Blogs-de-Greenpeace-Afrique/vote-du-nouveau-code-de-la-pche-maritime/blog/53479/,"juillet 9, 2015 "
http://p3-raw.greenpeace.org/africa/fr/Actualities/Blogs-de-Greenpeace-Afrique/non-monsieur-le-ministre-le-code-de-la-pche-n/blog/52271/,"mars 9, 2015 "
http://p3-raw.greenpeace.org/africa/fr/Actualities/Blogs-de-Greenpeace-Afrique/socfin-zero-deforestation/blog/57101/,"juillet 22, 2016 "
http://p3-raw.greenpeace.org/africa/fr/Actualities/Blogs-de-Greenpeace-Afrique/victoire-amazonie-projet-barrage-tapajos-annule/blog/57204/,"août 5, 2016 "
http://p3-raw.greenpeace.org/africa/fr/Actualities/Blogs-de-Greenpeace-Afrique/ibrahima-engage-volontaire-environnement/blog/57229/,"août 9, 2016 "
http://p3-raw.greenpeace.org/africa/fr/Actualities/Blogs-de-Greenpeace-Afrique/stoppons-SGSOC-plantation-huile-palme/blog/57653/,"octobre 4, 2016 "
http://p3-raw.greenpeace.org/africa/fr/Actualities/Blogs-de-Greenpeace-Afrique/eliane-volontaire-universit-yaounde/blog/58192/,"décembre 5, 2016 "
http://p3-raw.greenpeace.org/africa/fr/Actualities/Blogs-de-Greenpeace-Afrique/victoire-la-plus-vaste-aire-marine-du-monde-e/blog/58220/,"octobre 30, 2016 "
http://p3-raw.greenpeace.org/africa/fr/Actualities/Blogs-de-Greenpeace-Afrique/nouvelles-directrices-greenpeace-international/blog/55440/,"février 1, 2016 "
http://p3-raw.greenpeace.org/africa/fr/Actualities/Blogs-de-Greenpeace-Afrique/5-resolutions-oceans-plastiques/blog/55257/,"janvier 11, 2016 "
http://p3-raw.greenpeace.org/africa/fr/Actualities/Blogs-de-Greenpeace-Afrique/merci-pour-cet-incroyable-voyage/blog/55229/,"janvier 5, 2016 "
http://p3-raw.greenpeace.org/africa/fr/Actualities/Blogs-de-Greenpeace-Afrique/jalon-dans-lutte-contre-peche-illegale/blog/55165/,"décembre 21, 2015 "
http://p3-raw.greenpeace.org/africa/fr/Actualities/Blogs-de-Greenpeace-Afrique/maya-groupe-saint-louis/blog/55150/,"décembre 18, 2015 "
http://p3-raw.greenpeace.org/africa/fr/Actualities/Blogs-de-Greenpeace-Afrique/COP21-lettre-KumiNaidoo-Modi/blog/55059/,"décembre 4, 2015 "
http://p3-raw.greenpeace.org/africa/fr/Actualities/Multimedia/Slideshow/La-Journee-internationale-des-forets---Les-forets-du-Congo-/,"mars 21, 2015"
http://p3-raw.greenpeace.org/africa/fr/Actualities/Multimedia/Slideshow/La-mort-inexpliquee-despeces-marines-dans-les-eaux-Senegelais-/,"novembre 8, 2012"
http://p3-raw.greenpeace.org/africa/fr/Actualities/Multimedia/Video/Il-Faut-Sauver-le-Pecheur-Senegalais/,"mars 7, 2012 à 10:27"
http://p3-raw.greenpeace.org/africa/fr/Actualities/Multimedia/Photos/Greenpeace-et-les-pecheurs-senegalais-sunissent-pour-lutter-contre-la-surpeche/,"février 20, 2012 à 14:21"
http://p3-raw.greenpeace.org/africa/fr/Actualities/Multimedia/Photos/UE-Supertrawler-empeche-de-piller-les-oceans/,"février 1, 2012 à 16:51"
http://p3-raw.greenpeace.org/africa/fr/Actualities/Multimedia/Slideshow/Ma-Voix-Mon-Futur/,"janvier 27, 2012"
http://p3-raw.greenpeace.org/africa/fr/Presse/Publications/Rapport-des-missions-de-plaidoyer-dans-la-Province-de-Bandundu-sur-larrestion-des-27-paysans-dOshwe/,"mars 11, 2010 à 14:04"
http://p3-raw.greenpeace.org/africa/fr/Actualities/actualites/Prospection-petroliere-dans-le-Parc-National-des-Virunga/,"mars 17, 2011 à 10:27"
http://p3-raw.greenpeace.org/africa/fr/Actualities/Blogs-de-Greenpeace-Afrique/les-forts-du-bassin-du-congo-nous-ont-fait-da/blog/60621/,"novembre 2, 2017 "
http://p3-raw.greenpeace.org/africa/fr/Actualities/Blogs-de-Greenpeace-Afrique/notre-expdition-dans-le-bassin-du-congo-fut-u/blog/60762/,"novembre 22, 2017 "
http://p3-raw.greenpeace.org/africa/fr/Actualities/actualites/Greenpeace-denonce-du-bois-illegal-stocke-dans-le-port-dAnvers/,"février 18, 2010 à 16:31"
http://p3-raw.greenpeace.org/africa/fr/Actualities/actualites/pillage-de-bois-un-autre-bate/,"mars 14, 2008 à 0:00"
http://p3-raw.greenpeace.org/africa/fr/Actualities/actualites/arnaques-au-congo-greenpeace/,"juillet 29, 2008 à 23:00"
http://p3-raw.greenpeace.org/africa/fr/Actualities/actualites/greenpeace-interpelle-nicolas/,"juin 21, 2008 à 23:00"
http://p3-raw.greenpeace.org/africa/fr/Actualities/actualites/la-seule-bonne-nouvelle-de-ce/,"juillet 7, 2008 à 23:00"
http://p3-raw.greenpeace.org/africa/fr/Actualities/actualites/action-de-greenpeace-sur-la-to/,"juillet 12, 2008 à 23:00"
http://p3-raw.greenpeace.org/africa/fr/Actualities/actualites/nokia-reprend-la-t-te-du-class/,"septembre 15, 2008 à 23:00"
http://p3-raw.greenpeace.org/africa/fr/Presse/Publications/Bassin-du-Congo-Forets-en-Sursis/,"août 13, 2010 à 15:44"
http://p3-raw.greenpeace.org/africa/fr/Actualities/actualites/La-Mauvaise-Influence-de-McKinsey/,"avril 14, 2011 à 10:06"
http://p3-raw.greenpeace.org/africa/fr/Actualities/actualites/Greenpeace-Condamne-de-Graves-Violations-de-Droits-de-lHomme-Liees-a-lExploitation-Forestiere-de-la-SIFORCO/,"juin 17, 2011 à 16:25"
http://p3-raw.greenpeace.org/africa/fr/Actualities/actualites/Exploitation-forestiere-et-violences-en-Republique-Democratique-du-Congo/,"août 1, 2011 à 11:25"
http://p3-raw.greenpeace.org/africa/fr/Presse/Publications/Rapport-annuel-2011-/,"août 2, 2012 à 14:05"
http://p3-raw.greenpeace.org/africa/fr/Actualities/actualites/Nos-felicitations/,"avril 2, 2013 à 11:04"
http://p3-raw.greenpeace.org/africa/fr/presentation/Notre-histoire/,"février 22, 2010 à 11:37"
http://p3-raw.greenpeace.org/africa/fr/Actualities/Blogs-de-Greenpeace-Afrique/eradiquer-la-pche-inn-en-afrique-de-louest-pa/blog/50336/,"août 21, 2014 "
http://p3-raw.greenpeace.org/africa/fr/Actualities/Blogs-de-Greenpeace-Afrique/cot-sur-coup/blog/60809/,"décembre 1, 2017 "
http://p3-raw.greenpeace.org/africa/fr/Actualities/Blogs-de-Greenpeace-Afrique/la-survie-des-chimpanzs-un-enjeu-mineur-pour-/blog/52178/,"février 24, 2015 "
http://p3-raw.greenpeace.org/africa/fr/Actualities/Blogs-de-Greenpeace-Afrique/dakar-le-26-janvier-2015-suite-la-dclaration-/blog/51964/,"janvier 27, 2015 "
http://p3-raw.greenpeace.org/africa/fr/Actualities/Blogs-de-Greenpeace-Afrique/bravo-monsieur-le-prsident-vous-avez-montr-la/blog/51954/,"janvier 26, 2015 "
http://p3-raw.greenpeace.org/africa/fr/Actualities/Blogs-de-Greenpeace-Afrique/limplication-des-communauts-la-seule-option-p/blog/51940/,"janvier 23, 2015 "
http://p3-raw.greenpeace.org/africa/fr/Actualities/Blogs-de-Greenpeace-Afrique/les-forts-du-congo-un-long-chemin-vers-la-pro/blog/51673/,"décembre 11, 2014 "
http://p3-raw.greenpeace.org/africa/fr/Presse/Greenpeace-Afrique-fete-une-decennie-dactivisme-environnemental/,"novembre 14, 2018 à 15:26"
http://p3-raw.greenpeace.org/africa/fr/Benevoles/Portraits-de-nos-benevoles/,"décembre 18, 2015 à 12:14"
http://p3-raw.greenpeace.org/africa/fr/Presse/Laide-allemande-au-developpement-doit-beneficier-aux-communautes-locales/,"octobre 22, 2015 à 9:00"
http://p3-raw.greenpeace.org/africa/fr/Presse/Publications/CE-SONT-LES-PAYSANS-QUI-POURRONT-NOURRIR-LA-PLANETE-PAS-DES-ARTIFICES-TECHNIQUES/,"avril 9, 2010 à 12:24"
http://p3-raw.greenpeace.org/africa/fr/System-templates/footer/droits-d-auteur/,"novembre 13, 2008 à 10:36"
http://p3-raw.greenpeace.org/africa/fr/System-templates/errors/404/,"novembre 12, 2008 à 13:51"
http://p3-raw.greenpeace.org/africa/fr/System-templates/errors/500/,"novembre 12, 2008 à 13:51"
http://p3-raw.greenpeace.org/africa/fr/Actualities/actualites/Rejettes-le-Charbon-Facebook/,"mars 7, 2011 à 11:29"
http://p3-raw.greenpeace.org/africa/fr/Presse/Publications/Crise-pour-le-FSC-dans-le-Bassin-du-Congo-/,"mai 27, 2011 à 11:30"
http://p3-raw.greenpeace.org/africa/fr/Actualities/Multimedia/Photos/Vers-une-agriculture-durable---Le-parcours-des-agriculteurs-kenyans/,"juillet 31, 2015"
http://p3-raw.greenpeace.org/africa/fr/Actualities/Multimedia/Slideshow/Lespoir-renait-dans-les-pecheries-senegalaises/,"août 24, 2012"
http://p3-raw.greenpeace.org/africa/fr/Actualities/Blogs-de-Greenpeace-Afrique/quel-futur-pour-les-pcheries-sngalaises/blog/49567/,"juin 8, 2014 "
http://p3-raw.greenpeace.org/africa/fr/Actualities/Blogs-de-Greenpeace-Afrique/grand-khaly/blog/54620/,"novembre 3, 2015 "
http://p3-raw.greenpeace.org/africa/fr/Actualities/Blogs-de-Greenpeace-Afrique/alerte/blog/51099/,"octobre 27, 2014 "
http://p3-raw.greenpeace.org/africa/fr/Actualities/Blogs-de-Greenpeace-Afrique/cameroun-comment-herakles-farm-veut-nous-fair/blog/42000/,"septembre 5, 2012 "
http://p3-raw.greenpeace.org/africa/fr/Actualities/Blogs-de-Greenpeace-Afrique/journe-de-lindpendance-de-linde-la-contestati/blog/53820/,"août 15, 2015 "
http://p3-raw.greenpeace.org/africa/fr/Actualities/Blogs-de-Greenpeace-Afrique/un-anniversaire-sombre-pour-sgsoc/blog/58122/,"novembre 25, 2016 "
http://p3-raw.greenpeace.org/africa/fr/Actualities/Blogs-de-Greenpeace-Afrique/des-poissons-qui-tombent-du-ciel-des-filets-v/blog/59228/,"avril 7, 2017 "
http://p3-raw.greenpeace.org/africa/fr/Actualities/Blogs-de-Greenpeace-Afrique/jai-vu-de-mes-propres-yeux-le-pillage-de-nos-/blog/59390/,"avril 20, 2017 "
http://p3-raw.greenpeace.org/africa/fr/Actualities/actualites/Congo--Marion-Cotillard-face-au-pillage-des-forets-congolaises/,"juillet 7, 2010 à 8:50"
http://p3-raw.greenpeace.org/africa/fr/Actualities/actualites/Lancement-solaire-/,"juin 7, 2010 à 11:50"
http://p3-raw.greenpeace.org/africa/fr/Actualities/Blogs-de-Greenpeace-Afrique/contre-la-leve-du-moratoire-sur-les-allocatio/blog/48871/,"avril 10, 2014 "
http://p3-raw.greenpeace.org/africa/fr/Actualities/Blogs-de-Greenpeace-Afrique/maintenez-le-moratorium-le-secteur-de-lexploi/blog/48800/,"avril 3, 2014 "
http://p3-raw.greenpeace.org/africa/fr/Actualities/Blogs-de-Greenpeace-Afrique/ocans-du-monde-lre-des-dfis/blog/48776/,"avril 2, 2014 "
http://p3-raw.greenpeace.org/africa/fr/Actualities/Blogs-de-Greenpeace-Afrique/il-est-temps-de-mettre-fin-lintimidation-des-/blog/48067/,"janvier 31, 2014 "
http://p3-raw.greenpeace.org/africa/fr/Actualities/Blogs-de-Greenpeace-Afrique/encore-oleg/blog/47835/,"janvier 8, 2014 "
http://p3-raw.greenpeace.org/africa/fr/Actualities/Blogs-de-Greenpeace-Afrique/la-dforestation-pour-lhuile-de-palme-alimente/blog/47122/,"octobre 24, 2013 "
http://p3-raw.greenpeace.org/africa/fr/Actualities/Blogs-de-Greenpeace-Afrique/largent-public-franais-ne-doit-plus-servir-la/blog/47097/,"octobre 23, 2013 "
http://p3-raw.greenpeace.org/africa/fr/Actualities/Blogs-de-Greenpeace-Afrique/le-souhait-dun-pcheur/blog/46908/,"octobre 7, 2013 "
http://p3-raw.greenpeace.org/africa/fr/Actualities/Blogs-de-Greenpeace-Afrique/rvlation-nouvelles-preuves-de-lexploitation-f/blog/46614/,"septembre 16, 2013 "
http://p3-raw.greenpeace.org/africa/fr/Actualities/Blogs-de-Greenpeace-Afrique/herakles-farms-une-catastrophe-potentielle/blog/46292/,"août 19, 2013 "
http://p3-raw.greenpeace.org/africa/fr/Actualities/Blogs-de-Greenpeace-Afrique/il-faut-sauver-le-parc-des-iles-de-la-madelei/blog/46270/,"août 15, 2013 "
http://p3-raw.greenpeace.org/africa/fr/Actualities/Blogs-de-Greenpeace-Afrique/les-chimpanzs-du-cameroun-se-retrouvent-dans-/blog/46198/,"août 8, 2013 "
http://p3-raw.greenpeace.org/africa/fr/Actualities/Blogs-de-Greenpeace-Afrique/rtablir-la-vrit-sur-la-dforestation-au-bassin/blog/46077/,"juillet 26, 2013 "
http://p3-raw.greenpeace.org/africa/fr/Actualities/Blogs-de-Greenpeace-Afrique/la-poursuite-de-7-millions-de-rsolu-contre-gr/blog/45676/,"juin 21, 2013 "
http://p3-raw.greenpeace.org/africa/fr/Actualities/Blogs-de-Greenpeace-Afrique/nos-ocans-se-vident-les-pcheurs-sonnent-lalar/blog/45521/,"juin 10, 2013 "
http://p3-raw.greenpeace.org/africa/fr/Actualities/Blogs-de-Greenpeace-Afrique/ensemble-prservons-locan/blog/45520/,"juin 10, 2013 "
http://p3-raw.greenpeace.org/africa/fr/Actualities/Blogs-de-Greenpeace-Afrique/la-joie-des-communauts-se-transforme-en-dcept/blog/45470/,"juin 6, 2013 "
http://p3-raw.greenpeace.org/africa/fr/Actualities/Blogs-de-Greenpeace-Afrique/le-foyer-argile-une-alternative-la-surexploit/blog/45336/,"mai 29, 2013 "
http://p3-raw.greenpeace.org/africa/fr/Actualities/Blogs-de-Greenpeace-Afrique/prix-benchley-pour-locan-macky-le-mrite-t-il-/blog/45198/,"mai 17, 2013 "
http://p3-raw.greenpeace.org/africa/fr/Actualities/actualites/Votre-Voix-Compte-Faites-la-Entendre-Maintenant/,"janvier 13, 2012 à 12:56"
http://p3-raw.greenpeace.org/africa/fr/Actualities/actualites/LArctic-Sunrise-dans-les-Eaux-Ouest-Africaines/,"février 16, 2012 à 14:54"
http://p3-raw.greenpeace.org/africa/fr/Actualities/actualites/La-societe-civile-proteste-contre-la-certification-des-crevettes-daquaculture-industrielle/,"avril 30, 2012 à 12:57"
http://p3-raw.greenpeace.org/africa/fr/Actualities/actualites/Greenpeace-proteste-contre-le-pillage-des-eaux-africaines-/,"mars 14, 2012 à 16:50"
http://p3-raw.greenpeace.org/africa/fr/Actualities/Blogs-de-Greenpeace-Afrique/lue-change-ses-rgles-de-pche-une-nouvelle-re-/blog/43908/,"février 7, 2013 "
http://p3-raw.greenpeace.org/africa/fr/Actualities/Blogs-de-Greenpeace-Afrique/hollande-biya-la-dforestation-lhuile-de-palme/blog/43819/,"janvier 31, 2013 "
http://p3-raw.greenpeace.org/africa/fr/Actualities/Blogs-de-Greenpeace-Afrique/activits-de-la-journe-de-la-terre-durban/blog/40371/,"mai 10, 2012 "
http://p3-raw.greenpeace.org/africa/fr/Actualities/Blogs-de-Greenpeace-Afrique/victoire/blog/40303/,"mai 7, 2012 "
http://p3-raw.greenpeace.org/africa/fr/Actualities/Blogs-de-Greenpeace-Afrique/sauvons-le-parc-national-de-virunga-de-la-pro/blog/39942/,"avril 13, 2012 "
http://p3-raw.greenpeace.org/africa/fr/Actualities/Blogs-de-Greenpeace-Afrique/tmoignage-dun-pcheur-artisan-sngalais-sur-les/blog/39911/,"avril 11, 2012 "
http://p3-raw.greenpeace.org/africa/fr/Actualities/Blogs-de-Greenpeace-Afrique/impasse/blog/39904/,"avril 10, 2012 "
http://p3-raw.greenpeace.org/africa/fr/Actualities/Blogs-de-Greenpeace-Afrique/macky-sall-ritre-son-engagement-faire-de-la-p/blog/39877/,"avril 5, 2012 "
http://p3-raw.greenpeace.org/africa/fr/Actualities/Blogs-de-Greenpeace-Afrique/urgence/blog/39876/,"avril 5, 2012 "
http://p3-raw.greenpeace.org/africa/fr/Actualities/Blogs-de-Greenpeace-Afrique/gestion-des-dossiers-de-pche-illgale/blog/39691/,"mars 26, 2012 "
http://p3-raw.greenpeace.org/africa/fr/Actualities/Blogs-de-Greenpeace-Afrique/un-ami-de-greenpeace-la-tte-des-marins-et-cap/blog/41259/,"juillet 5, 2012 "
http://p3-raw.greenpeace.org/africa/fr/Actualities/Blogs-de-Greenpeace-Afrique/lancement-de-la-radio-solaire-jour-j-10/blog/41236/,"juillet 4, 2012 "
http://p3-raw.greenpeace.org/africa/fr/Actualities/Blogs-de-Greenpeace-Afrique/le-prsident-macky-plaide-nouveau-pour-des-oca/blog/41115/,"juin 25, 2012 "
http://p3-raw.greenpeace.org/africa/fr/Actualities/Blogs-de-Greenpeace-Afrique/les-pcheurs-sngalais-retrouvent-le-sourire/blog/41109/,"juin 25, 2012 "
http://p3-raw.greenpeace.org/africa/fr/Actualities/Blogs-de-Greenpeace-Afrique/garder-le-four-au-chaud-dans-le-foyer/blog/40940/,"juin 14, 2012 "
http://p3-raw.greenpeace.org/africa/fr/Actualities/Blogs-de-Greenpeace-Afrique/quand-casino-dcide-de-mpriser-les-voix-de-con/blog/45107/,"mai 13, 2013 "
http://p3-raw.greenpeace.org/africa/fr/Actualities/Blogs-de-Greenpeace-Afrique/nous-sommes-tous-des-dfenseurs-du-thiof/blog/44563/,"avril 2, 2013 "
http://p3-raw.greenpeace.org/africa/fr/Actualities/Blogs-de-Greenpeace-Afrique/le-solaire-lavenir-du-continent/blog/44514/,"mars 28, 2013 "
http://p3-raw.greenpeace.org/africa/fr/Actualities/Blogs-de-Greenpeace-Afrique/sauvon-le-thiof/blog/44036/,"février 22, 2013 "
http://p3-raw.greenpeace.org/africa/fr/Actualities/Blogs-de-Greenpeace-Afrique/danzer-vend-ses-activits-dexploitation-forest/blog/39668/,"mars 23, 2012 "
http://p3-raw.greenpeace.org/africa/fr/Actualities/Blogs-de-Greenpeace-Afrique/le-21-mars-journe-internationale-de-la-fort-e/blog/39646/,"mars 22, 2012 "
http://p3-raw.greenpeace.org/africa/fr/Actualities/Blogs-de-Greenpeace-Afrique/le-plus-ancien-site-du-patrimoine-mondial-de-/blog/39603/,"mars 20, 2012 "
http://p3-raw.greenpeace.org/africa/fr/Actualities/Blogs-de-Greenpeace-Afrique/la-place-de-oleg-naydenov-est-sur-une-liste-n/blog/39503/,"mars 14, 2012 "
http://p3-raw.greenpeace.org/africa/fr/Actualities/Blogs-de-Greenpeace-Afrique/les-prises-accessoires-un-des-cts-sombres-de-/blog/39492/,"mars 13, 2012 "
http://p3-raw.greenpeace.org/africa/fr/Actualities/Blogs-de-Greenpeace-Afrique/la-radio-doshwe-bientt-sur-le-solaire/blog/39482/,"mars 12, 2012 "
http://p3-raw.greenpeace.org/africa/fr/Actualities/Blogs-de-Greenpeace-Afrique/greenpeace-empche-le-maartje-theadora-un-chal/blog/39445/,"mars 9, 2012 "
http://p3-raw.greenpeace.org/africa/fr/Actualities/Blogs-de-Greenpeace-Afrique/les-autorits-sngalaises-condamnent-oleg-mais/blog/39444/,"mars 9, 2012 "
http://p3-raw.greenpeace.org/africa/fr/Actualities/Blogs-de-Greenpeace-Afrique/le-chalutier-russe-oleg-naydenov-pris-les-mai/blog/39259/,"février 27, 2012 "
http://p3-raw.greenpeace.org/africa/fr/Actualities/Blogs-de-Greenpeace-Afrique/oleg-naydenov-en-flagrant-dlit/blog/39258/,"février 27, 2012 "
http://p3-raw.greenpeace.org/africa/fr/Actualities/Blogs-de-Greenpeace-Afrique/le-faux-dilemme-de-lafrique/blog/42816/,"octobre 31, 2012 "
http://p3-raw.greenpeace.org/africa/fr/Actualities/Blogs-de-Greenpeace-Afrique/un-nouvel-lan-est-n-pour-sauver-les-pcheries-/blog/42678/,"octobre 22, 2012 "
http://p3-raw.greenpeace.org/africa/fr/Actualities/Blogs-de-Greenpeace-Afrique/main-dans-la-main-pour-protger-les-forts-du-b/blog/42473/,"octobre 8, 2012 "
http://p3-raw.greenpeace.org/africa/fr/Actualities/Blogs-de-Greenpeace-Afrique/promotion-des-foyers-argile-les-femmes-de-kou/blog/41992/,"septembre 4, 2012 "
http://p3-raw.greenpeace.org/africa/fr/Actualities/Blogs-de-Greenpeace-Afrique/nos-victoires-continuent/blog/41357/,"juillet 12, 2012 "
http://p3-raw.greenpeace.org/africa/fr/Actualities/Blogs-de-Greenpeace-Afrique/le-concept-daires-marines-protges-off-shore-l/blog/41207/,"juillet 2, 2012 "
http://p3-raw.greenpeace.org/africa/fr/Actualities/Blogs-de-Greenpeace-Afrique/greenpeace-prim-pour-son-dvouement-dans-la-pr/blog/41140/,"juin 26, 2012 "
http://p3-raw.greenpeace.org/africa/fr/Actualities/Blogs-de-Greenpeace-Afrique/merci-vous/blog/41110/,"juin 25, 2012 "
http://p3-raw.greenpeace.org/africa/fr/Actualities/Blogs-de-Greenpeace-Afrique/22-000-signent-la-ptition-pour-sauver-la-fort/blog/40793/,"juin 5, 2012 "
http://p3-raw.greenpeace.org/africa/fr/Actualities/Blogs-de-Greenpeace-Afrique/arrtez-la-destruction-de-nos-forts-de-la-rdc/blog/40437/,"mai 15, 2012 "
http://p3-raw.greenpeace.org/africa/fr/Actualities/Blogs-de-Greenpeace-Afrique/une-nouvelle-faon-conomique-de-cuire-ses-repa/blog/42856/,"novembre 5, 2012 "
http://p3-raw.greenpeace.org/africa/fr/Actualities/Blogs-de-Greenpeace-Afrique/les-forts-du-bassin-du-congo-ont-trouv-des-vo/blog/42769/,"octobre 26, 2012 "
http://p3-raw.greenpeace.org/africa/fr/Actualities/Blogs-de-Greenpeace-Afrique/plus-jamais-a/blog/42525/,"octobre 11, 2012 "
http://p3-raw.greenpeace.org/africa/fr/Actualities/Blogs-de-Greenpeace-Afrique/le-lancement-de-la-radio-un-rel-succs/blog/41419/,"juillet 17, 2012 "
http://p3-raw.greenpeace.org/africa/fr/Actualities/Multimedia/Video/Marion-Cotillard-episode-2-Une-administration-demunie1/,"juillet 7, 2010 à 14:14"
http://p3-raw.greenpeace.org/africa/fr/Actualities/Multimedia/Video/Marion-Cotillard-Episode-3-Bois-Abandonne/,"août 6, 2010 à 10:10"
http://p3-raw.greenpeace.org/africa/fr/Actualities/Multimedia/Video/Marion-Cotillard-Episode-4-Un-Arbre-Centenaire/,"août 6, 2010 à 10:20"
http://p3-raw.greenpeace.org/africa/fr/Actualities/Multimedia/Video/Marion-Cotillard-Episode-5-Du-Sel-et-du-Savon/,"août 6, 2010 à 10:30"
http://p3-raw.greenpeace.org/africa/fr/Actualities/Multimedia/Video/Marion-Cotillard-Episode-6-Otages-de-la-Pauvrete/,"août 6, 2010 à 10:40"
http://p3-raw.greenpeace.org/africa/fr/Actualities/Multimedia/Video/Marion-Cotillard-Episode-7-LEurope-Responsable/,"août 16, 2010 à 11:44"
http://p3-raw.greenpeace.org/africa/fr/Actualities/Multimedia/Photos/Amadou-Bakayoko-and-Doumbia-Siaka-au-siege-social-de-Trafigura/,"septembre 10, 2010 à 17:08"
http://p3-raw.greenpeace.org/africa/fr/Actualities/Multimedia/Photos/Les-chauffeurs-ivoiriens-demandent-des-excuses-a-Trafigura/,"septembre 10, 2010 à 17:17"
http://p3-raw.greenpeace.org/africa/fr/Actualities/Multimedia/Photos/Protestation-des-communautes-riveraines-dOshwe-contre-la-societe-dexploitation-forestiere-SODEFOR/,"septembre 23, 2010 à 13:52"
http://p3-raw.greenpeace.org/africa/fr/Actualities/Multimedia/Photos/Contre-lexploitation-forestiere/,"septembre 23, 2010 à 13:58"
http://p3-raw.greenpeace.org/africa/fr/Actualities/Multimedia/Photos/Les-enfants-a-Yaounde-Cameroun/,"février 17, 2010 à 13:01"
http://p3-raw.greenpeace.org/africa/fr/Actualities/Multimedia/Photos/Kumi-Naidoo/,"février 17, 2010 à 12:58"
http://p3-raw.greenpeace.org/africa/fr/Actualities/Multimedia/Video/Marion-Cotillard-Arrivee-a-Oshwe-1/,"juillet 7, 2010 à 8:43"
http://p3-raw.greenpeace.org/africa/fr/Actualities/Multimedia/Photos/Michelle-Ndiaye-Ntab-Jericho/,"août 25, 2010 à 11:42"
http://p3-raw.greenpeace.org/africa/fr/Actualities/Multimedia/Slideshow/Sauvez-Le-Climat-Mexique-/,"décembre 3, 2010"
http://p3-raw.greenpeace.org/africa/fr/Actualities/Multimedia/Slideshow/Protestation-contre-lexploitation-forestiere/,"septembre 23, 2010"
http://p3-raw.greenpeace.org/africa/fr/Actualities/Multimedia/Photos/Coupe-du-monde/,"août 25, 2010 à 11:46"
http://p3-raw.greenpeace.org/africa/fr/Actualities/Multimedia/Photos/Bzzzzzzzzpt/,"août 25, 2010 à 11:43"
http://p3-raw.greenpeace.org/africa/fr/Actualities/Blogs-de-Greenpeace-Afrique/coup-denvoi-de-la-caravane-ziguinchor/blog/38642/,"janvier 16, 2012 "
http://p3-raw.greenpeace.org/africa/fr/Actualities/Blogs-de-Greenpeace-Afrique/pcheurs-artisans-prenez-votre-destin-en-mains/blog/38627/,"janvier 13, 2012 "
http://p3-raw.greenpeace.org/africa/fr/Actualities/Blogs-de-Greenpeace-Afrique/lavenir-des-forts-congolaises-cris-dalarme-de/blog/38578/,"janvier 6, 2012 "
http://p3-raw.greenpeace.org/africa/fr/Actualities/Blogs-de-Greenpeace-Afrique/pche-au-thon-dans-le-pacifique-halte-au-massa/blog/37929/,"novembre 21, 2011 "
http://p3-raw.greenpeace.org/africa/fr/Actualities/Blogs-de-Greenpeace-Afrique/sauver-les-forts-congolaises-greenpeace-donne/blog/37211/,"octobre 6, 2011 "
http://p3-raw.greenpeace.org/africa/fr/Actualities/Blogs-de-Greenpeace-Afrique/pourquoi-il-est-capital-de-prserver-les-pcher/blog/36536/,"août 29, 2011 "
http://p3-raw.greenpeace.org/africa/fr/Actualities/Blogs-de-Greenpeace-Afrique/greenpeace-afrique-la-rencontre-du-public-sng/blog/35620/,"juillet 7, 2011 "
http://p3-raw.greenpeace.org/africa/fr/Actualities/Blogs-de-Greenpeace-Afrique/la-fuite-en-avant-de-khouraichi-thiam/blog/40079/,"avril 21, 2012 "
http://p3-raw.greenpeace.org/africa/fr/Actualities/Blogs-de-Greenpeace-Afrique/les-ocans-pris-en-tau-entre-pche-destructrice/blog/39090/,"février 17, 2012 "
http://p3-raw.greenpeace.org/africa/fr/Actualities/Blogs-de-Greenpeace-Afrique/saint-louis-et-mbour-signent/blog/38680/,"janvier 18, 2012 "
http://p3-raw.greenpeace.org/africa/fr/Actualities/actualites/Japon--lUrgence-Nucleaire/,"mars 15, 2011 à 9:58"
http://p3-raw.greenpeace.org/africa/fr/Actualities/actualites/Appel-Aux-Dirigeants-De-La-Planete/,"décembre 6, 2011 à 17:16"
http://p3-raw.greenpeace.org/africa/fr/Actualities/actualites/Faire-de-la-Gestion-des-Pecheries-une-Priorite/,"janvier 30, 2012 à 10:32"
http://p3-raw.greenpeace.org/africa/fr/Actualities/actualites/Declaration-conjointe-de-Greenpeace-et-des-pecheurs-artisans-du-Senegal/,"février 23, 2012 à 21:03"
http://p3-raw.greenpeace.org/africa/fr/Actualities/actualites/Greenpeace-Denonce-la-Peche-Illegale/,"février 25, 2012 à 10:41"
http://p3-raw.greenpeace.org/africa/fr/Actualities/actualites/Greenpeace-et-les-acteurs--de-la-peche-artisanale-et-industrielle-lancent-la-semaine-de-la-peche-durable-au-Senegal/,"décembre 5, 2012 à 15:02"
http://p3-raw.greenpeace.org/africa/fr/Actualities/actualites/Une-reunion-des-ministres-de-lUE-se-prepare-a-Bruxelles-/,"mars 19, 2012 à 10:33"
http://p3-raw.greenpeace.org/africa/fr/Actualities/Blogs-de-Greenpeace-Afrique/virunga-la-soif-de-ptrole-ne-laisse-aucun-rpi/blog/49244/,"mai 15, 2014 "
http://p3-raw.greenpeace.org/africa/fr/Actualities/actualites/Greenpeace-Afrique-en-2012/,"décembre 18, 2012 à 12:19"
http://p3-raw.greenpeace.org/africa/fr/Actualities/actualites/Restez-ferme-Monsieur-le-President/,"décembre 5, 2013 à 10:30"
http://p3-raw.greenpeace.org/africa/fr/Actualities/actualites/Le-Chaos-organise-dans-le-secteur-de-lexploitation-forestiere-de-la-RD-Congo/,"mars 4, 2013 à 15:32"
http://p3-raw.greenpeace.org/africa/fr/Actualities/Blogs-de-Greenpeace-Afrique/sngal-vers-une-fin-de-la-fraude-au-tonnage/blog/58221/,"décembre 6, 2016 "
http://p3-raw.greenpeace.org/africa/fr/Actualities/Blogs-de-Greenpeace-Afrique/ensemble-construisons-des-ponts-pas-des-murs/blog/58535/,"janvier 18, 2017 "
http://p3-raw.greenpeace.org/africa/fr/Actualities/Blogs-de-Greenpeace-Afrique/notre-anne-2016-en-8-images/blog/58397/,"décembre 27, 2016 "
http://p3-raw.greenpeace.org/africa/fr/Actualities/Blogs-de-Greenpeace-Afrique/parlement-belge-demande-renforcement-eutr/blog/55442/,"février 1, 2016 "
http://p3-raw.greenpeace.org/africa/fr/Actualities/Blogs-de-Greenpeace-Afrique/afrique-besoin-FiTI/blog/55554/,"février 16, 2016 "
http://p3-raw.greenpeace.org/africa/fr/Actualities/Blogs-de-Greenpeace-Afrique/responsabilits-partages/blog/52799/,"mai 6, 2015 "
http://p3-raw.greenpeace.org/africa/fr/Actualities/actualites/greenpeace-ouvre-un-bureau-afr/,"novembre 13, 2008 à 0:00"
http://p3-raw.greenpeace.org/africa/fr/Actualities/actualites/Tokyo-deux/,"juillet 16, 2010 à 16:31"
http://p3-raw.greenpeace.org/africa/fr/Actualities/actualites/Lorsque-le-Soleil-amene-aussi-la-Coupe-du-Monde/,"juin 25, 2010 à 14:37"
http://p3-raw.greenpeace.org/africa/fr/Actualities/Blogs-de-Greenpeace-Afrique/ma-nuit-bord-dun-bateau-de-pche-chinois-en-af/blog/59227/,"mars 30, 2017 "
http://p3-raw.greenpeace.org/africa/fr/Actualities/Blogs-de-Greenpeace-Afrique/un-jour-en-mer-rencontres-avec-la-nature/blog/59079/,"mars 19, 2017 "
http://p3-raw.greenpeace.org/africa/fr/Actualities/Blogs-de-Greenpeace-Afrique/afrique-de-louest-entre-beaut-et-nature-foiso/blog/59388/,"mai 12, 2017 "
http://p3-raw.greenpeace.org/africa/fr/Actualities/Blogs-de-Greenpeace-Afrique/lexploitation-forestire-industrielle-ou-le-ri/blog/59409/,"mai 15, 2017 "
http://p3-raw.greenpeace.org/africa/fr/Actualities/Blogs-de-Greenpeace-Afrique/comment-les-poursuites-judiciaires-visent-bil/blog/59449/,"mai 18, 2017 "
http://p3-raw.greenpeace.org/africa/fr/Actualities/Blogs-de-Greenpeace-Afrique/forts-libert-dexpression-des-auteurs-sengagen/blog/59555/,"juin 1, 2017 "
http://p3-raw.greenpeace.org/africa/fr/Actualities/Blogs-de-Greenpeace-Afrique/macky-sall-protecteur-des-ocans/blog/43783/,"janvier 28, 2013 "
http://p3-raw.greenpeace.org/africa/fr/Actualities/Blogs-de-Greenpeace-Afrique/une-enqute-soulve-des-doutes-sur-la-lgalit-du/blog/44707/,"avril 11, 2013 "
http://p3-raw.greenpeace.org/africa/fr/Actualities/Blogs-de-Greenpeace-Afrique/bois-congolais-les-principaux-acteurs-impliqu/blog/43880/,"février 5, 2013 "
http://p3-raw.greenpeace.org/africa/fr/Actualities/Blogs-de-Greenpeace-Afrique/un-nouveau-type-de-pcheur-sngalais-est-n/blog/43348/,"décembre 10, 2012 "
http://p3-raw.greenpeace.org/africa/fr/Actualities/Blogs-de-Greenpeace-Afrique/action-luxembourg-les-ministres-europens-doiv/blog/40963/,"juin 12, 2012 "
http://p3-raw.greenpeace.org/africa/fr/Actualities/Blogs-de-Greenpeace-Afrique/danzer-la-compagnie-forestire-enfin-rattrape-/blog/45109/,"mai 13, 2013 "
http://p3-raw.greenpeace.org/africa/fr/Actualities/Blogs-de-Greenpeace-Afrique/un-gant-poisson-humain-pour-finir-en-beaut/blog/38740/,"janvier 23, 2012 "
http://p3-raw.greenpeace.org/africa/fr/Actualities/Blogs-de-Greenpeace-Afrique/dakar-la-finale/blog/38727/,"janvier 20, 2012 "
http://p3-raw.greenpeace.org/africa/fr/Actualities/Blogs-de-Greenpeace-Afrique/1200-signatures-en-quatre-heures/blog/38660/,"janvier 17, 2012 "
http://p3-raw.greenpeace.org/africa/fr/Actualities/Blogs-de-Greenpeace-Afrique/autorisations-de-pches-dlivres-aux-chalutiers/blog/39186/,"février 23, 2012 "
http://p3-raw.greenpeace.org/africa/fr/Actualities/Blogs-de-Greenpeace-Afrique/securite-alimentaire-et-protection-de-la-fore/blog/44830/,"avril 19, 2013 "
http://p3-raw.greenpeace.org/africa/fr/Actualities/Blogs-de-Greenpeace-Afrique/qui-veut-rduire-au-silence-les-dfenseurs-de-l/blog/44609/,"avril 5, 2013 "
http://p3-raw.greenpeace.org/africa/fr/Actualities/Blogs-de-Greenpeace-Afrique/kafountine-signe-illole-saloulou-et-coumba-se/blog/38661/,"janvier 17, 2012 "
http://p3-raw.greenpeace.org/africa/fr/Actualities/Blogs-de-Greenpeace-Afrique/blog-des-pcheurs-africains-donnent-de-la-voix/blog/34803/,"mai 17, 2011 "
http://p3-raw.greenpeace.org/africa/fr/Actualities/Blogs-de-Greenpeace-Afrique/blog-des-pcheurs-africains-donnent-de-la-voix/blog/34558/,"mai 4, 2011 "
http://p3-raw.greenpeace.org/africa/fr/Actualities/actualites/arnaques-au-congo/,"juillet 29, 2008 à 23:00"
http://p3-raw.greenpeace.org/africa/fr/Actualities/actualites/greenpeace-ouvre-un-bureau-en/,"novembre 24, 2008 à 14:10"
http://p3-raw.greenpeace.org/africa/fr/Actualities/actualites/marc-ona-essangui-nous-rend-fi/,"juillet 22, 2009 à 23:00"
http://p3-raw.greenpeace.org/africa/fr/Actualities/actualites/for-ts-de-la-republique-democr/,"juillet 26, 2009 à 23:00"
http://p3-raw.greenpeace.org/africa/fr/Actualities/actualites/un-employe-de-greenpeace-re-oi/,"octobre 13, 2009 à 11:03"
http://p3-raw.greenpeace.org/africa/fr/Actualities/Blogs-de-Greenpeace-Afrique/les-bateaux-monstres-ne-sont-pas-un-conte-de-/blog/51389/,"novembre 20, 2014 "
http://p3-raw.greenpeace.org/africa/fr/Actualities/Blogs-de-Greenpeace-Afrique/nous-2017-six-bonnes-rsolutions-pour-la-plant/blog/58436/,"janvier 23, 2017 "
http://p3-raw.greenpeace.org/africa/fr/Actualities/Multimedia/Slideshow/Semaine-de-la-Peche-Durable-Senegal/,"décembre 10, 2012"
http://p3-raw.greenpeace.org/africa/fr/Actualities/Multimedia/Slideshow/500-Citoyens-de-Hong-Kong-rassembles-pour-Soutenir-les-Victimes-du-Japon/,"mars 28, 2011"
http://p3-raw.greenpeace.org/africa/fr/Actualities/Multimedia/Slideshow/Demonstration-de-lEnergie-Solaire/,"mars 3, 2011"
http://p3-raw.greenpeace.org/africa/fr/Actualities/actualites/Greenpeace-denonce-du-bois-illegal-stocke-dans-le-port-dAnvers/Sauvons-la-foret-du-Congo/,"février 19, 2010 à 17:49"
http://p3-raw.greenpeace.org/africa/fr/Actualities/Multimedia/Slideshow/Voix-De-La-Forets/,"octobre 8, 2012"
http://p3-raw.greenpeace.org/africa/fr/Actualities/Multimedia/Photos/Michael-OBrien-Onyeka/,"novembre 14, 2015"
http://p3-raw.greenpeace.org/africa/fr/Actualities/Multimedia/Slideshow/Semaine-Ocean-2016-Dakar/,"juin 13, 2016"
http://p3-raw.greenpeace.org/africa/fr/Actualities/Multimedia/Photos/Les-pecheurs-artisans-du-Senegal-appellent-les-deputes-a-voter-pour-un-code-de-la-peche-qui-protege-leurs-moyens-de-subsistance1/,"juin 29, 2015"
http://p3-raw.greenpeace.org/africa/fr/Actualities/Multimedia/Photos/Les-manifestants/,"septembre 23, 2010 à 14:02"
http://p3-raw.greenpeace.org/africa/fr/Actualities/Multimedia/Photos/Toboyi-SODEFOR/,"septembre 23, 2010 à 14:05"
http://p3-raw.greenpeace.org/africa/fr/Actualities/Multimedia/Video/Greenpeace-lance-en-RDC1/,"décembre 28, 2009 à 15:31"
http://p3-raw.greenpeace.org/africa/fr/Actualities/Multimedia/Video/Greenpeace-Afrique/,"janvier 13, 2010 à 14:27"
http://p3-raw.greenpeace.org/africa/fr/Presse/Publications/La-Norvege-et-la-France-menacent-les-forets-de-la-RDC1/,"juillet 12, 2017 à 14:06"
http://p3-raw.greenpeace.org/africa/fr/Presse/Publications/Etude-Sectorelle--Exploitation-Forestiere-en-Republique-Democratique-Du-Congo-/,"juin 25, 2010 à 14:25"
http://p3-raw.greenpeace.org/africa/fr/Presse/Publications/Lettre-ouverte-a-la-Banque-mondiale/,"juin 25, 2010 à 14:51"
