http://p3-raw.greenpeace.org/croatia/hr/Kutak_za_medije/priopcenja-za-medije/Krievci---lansiranje-kampanje/,"15. svibnja, 2018 at 10:59"
http://p3-raw.greenpeace.org/croatia/hr/Kutak_za_medije/priopcenja-za-medije/Okolisne-udruge-pred-HEP-om-ostro-protiv-ugljena/,"7. svibnja, 2018 at 8:59"
http://p3-raw.greenpeace.org/croatia/hr/Kutak_za_medije/_publikacije/plomin1_javna_rasprava/,"6. svibnja, 2018 at 21:35"
http://p3-raw.greenpeace.org/croatia/hr/Kutak_za_medije/priopcenja-za-medije/hrvatska-energetika-zaglavila-u-proslosti/,"24. travnja, 2018 at 10:29"
http://p3-raw.greenpeace.org/croatia/hr/Kutak_za_medije/priopcenja-za-medije/Ministarstvo-okolia-podilazi-HEP-u-u-slucaju-Plomina-1/,"20. travnja, 2018 at 12:34"
http://p3-raw.greenpeace.org/croatia/hr/Kutak_za_medije/priopcenja-za-medije/spomenici-protiv-plastike/,"17. svibnja, 2019 at 10:19"
http://p3-raw.greenpeace.org/croatia/hr/Kutak_za_medije/_publikacije/Poziv-premijeru-Andreju-Plenkovicu/,"9. svibnja, 2019 at 12:19"
http://p3-raw.greenpeace.org/croatia/hr/Kutak_za_medije/Blog/vise-od-struje/,"18. travnja, 2019 at 10:58"
http://p3-raw.greenpeace.org/croatia/hr/Kutak_za_medije/Blog/Advent-bez-plastike/,"25. siječnja, 2019 at 18:17"
http://p3-raw.greenpeace.org/croatia/hr/Kutak_za_medije/priopcenja-za-medije/S-Greenpeaceom-kroz-2018/,"20. prosinca, 2018 at 17:47"
http://p3-raw.greenpeace.org/croatia/hr/Kutak_za_medije/priopcenja-za-medije/Pozdrav-suncu-pretvoren-u-grafikon-o-solarnoj-energiji/,"13. lipnja, 2017 at 18:22"
http://p3-raw.greenpeace.org/croatia/hr/Kutak_za_medije/priopcenja-za-medije/plastika_pretvara_jadran_u_odlagaliste/,"24. svibnja, 2017 at 11:25"
http://p3-raw.greenpeace.org/croatia/hr/Kutak_za_medije/priopcenja-za-medije/krovove-na-sunce-visnjan/,"15. ožujka, 2017 at 10:25"
http://p3-raw.greenpeace.org/croatia/hr/Kutak_za_medije/priopcenja-za-medije/Greenpeace-protiv-plastike-za-jednokratnu-upotrebu/,"15. ožujka, 2017 at 10:25"
http://p3-raw.greenpeace.org/croatia/hr/Kutak_za_medije/priopcenja-za-medije/1500-biciklista-u-Zagrebu-otvorilo-globalni-val-prosvjeda-protiv-fosilnih-goriva/,"12. ožujka, 2017 at 20:00"
http://p3-raw.greenpeace.org/croatia/hr/Kutak_za_medije/priopcenja-za-medije/Greenpeace-Plenkoviu-Ostavite-potomcima-vie-od-2-posto/,"31. siječnja, 2018 at 10:46"
http://p3-raw.greenpeace.org/croatia/hr/Kutak_za_medije/Blog/Vise-sunca-manje-plastike-s-Greenpeaceom-kroz-2017/,"8. siječnja, 2018 at 10:33"
http://p3-raw.greenpeace.org/croatia/hr/Kutak_za_medije/priopcenja-za-medije/Greenpeace-turizam-treba-predvoditi-solarizaciju-Hrvatske1/,"26. srpnja, 2016 at 12:30"
http://p3-raw.greenpeace.org/croatia/hr/Kutak_za_medije/priopcenja-za-medije/Greenpeace-turizam-treba-predvoditi-solarizaciju-Hrvatske/,"17. srpnja, 2016 at 22:04"
http://p3-raw.greenpeace.org/croatia/hr/Kutak_za_medije/Blog/Zatita-Amazone-zajedno-s-narodom-Munduruku-/,"16. lipnja, 2016 at 11:01"
http://p3-raw.greenpeace.org/croatia/hr/Kutak_za_medije/priopcenja-za-medije/Definitivan-kraj-Plomina-C/,"31. svibnja, 2016 at 16:22"
http://p3-raw.greenpeace.org/croatia/hr/Kutak_za_medije/Blog/Trebaju-li-nam-zaista-nuklearke-i-termoelektrane/,"20. svibnja, 2016 at 12:36"
http://p3-raw.greenpeace.org/croatia/hr/Kutak_za_medije/priopcenja-za-medije/Popis-kandidata-za-Hrvatski-Sabor-koji-aktivno-zagovaraju-i-podravaju-obnovljive-izvore-energije/,"5. rujna, 2016 at 13:25"
http://p3-raw.greenpeace.org/croatia/hr/Kutak_za_medije/Blog/Iz-prve-ruke-spaavanje-rumunjske-praume/,"31. kolovoza, 2016 at 13:36"
http://p3-raw.greenpeace.org/croatia/hr/Kutak_za_medije/Blog/Iz-prve-ruke-Sun-Plugged-turneja-Istrom/,"9. kolovoza, 2016 at 12:24"
http://p3-raw.greenpeace.org/croatia/hr/Kutak_za_medije/priopcenja-za-medije/Greenpeace-turizam-treba-predvoditi-solarizaciju-Hrvatske1/,"26. srpnja, 2016 at 14:30"
http://p3-raw.greenpeace.org/croatia/hr/Kutak_za_medije/priopcenja-za-medije/Greenpeace-turizam-treba-predvoditi-solarizaciju-Hrvatske/,"18. srpnja, 2016 at 0:04"
http://p3-raw.greenpeace.org/croatia/hr/about-us/Financijski-izvjestaji/,"28. veljače, 2014 at 11:22"
http://p3-raw.greenpeace.org/croatia/hr/Kutak_za_medije/priopcenja-za-medije/_posao12/,"24. veljače, 2014 at 18:36"
http://p3-raw.greenpeace.org/croatia/hr/Kutak_za_medije/priopcenja-za-medije/TE_plominC/,"27. siječnja, 2014 at 12:02"
http://p3-raw.greenpeace.org/croatia/hr/Kutak_za_medije/priopcenja-za-medije/_Barroso/,"22. siječnja, 2014 at 15:52"
http://p3-raw.greenpeace.org/croatia/hr/Kutak_za_medije/priopcenja-za-medije/_plomin/,"9. svibnja, 2013 at 15:00"
http://p3-raw.greenpeace.org/croatia/hr/Kutak_za_medije/priopcenja-za-medije/_turneja34/,"15. travnja, 2013 at 13:00"
http://p3-raw.greenpeace.org/croatia/hr/Kutak_za_medije/priopcenja-za-medije/_turneja3/,"14. travnja, 2013 at 12:00"
http://p3-raw.greenpeace.org/croatia/hr/Kutak_za_medije/priopcenja-za-medije/_oliver/,"13. travnja, 2013 at 12:00"
http://p3-raw.greenpeace.org/croatia/hr/Kutak_za_medije/priopcenja-za-medije/_turneja1/,"11. travnja, 2013 at 12:00"
http://p3-raw.greenpeace.org/croatia/hr/Kutak_za_medije/priopcenja-za-medije/_turneja/,"18. ožujka, 2013 at 12:00"
http://p3-raw.greenpeace.org/croatia/hr/about-us/Financijski-izvjestaji/,"27. veljače, 2015 at 11:22"
http://p3-raw.greenpeace.org/croatia/hr/Kutak_za_medije/priopcenja-za-medije/marubeni-dalje-ruke-od-plomina/,"28. listopada, 2014 at 10:53"
http://p3-raw.greenpeace.org/croatia/hr/Kutak_za_medije/_publikacije/zasto-energetski-divovi-zele-ovisnost-EU-o-uvoznim-fosilnim-gorivima/,"9. listopada, 2014 at 14:22"
http://p3-raw.greenpeace.org/croatia/hr/Kutak_za_medije/priopcenja-za-medije/Plomin-C-je-prljav-posao/,"22. srpnja, 2014 at 15:50"
http://p3-raw.greenpeace.org/croatia/hr/Kutak_za_medije/priopcenja-za-medije/Greenpeaceov-brod-Rainbow-Warrior-III-dolazi-u-Hrvatsku-u-sklopu-mediteranske-turneje1/,"18. srpnja, 2014 at 16:18"
http://p3-raw.greenpeace.org/croatia/hr/Kutak_za_medije/Blog/Izljevi-nafte-kao--business-as-usual/,"18. svibnja, 2016 at 15:34"
http://p3-raw.greenpeace.org/croatia/hr/Kutak_za_medije/Blog/est-stvari-koje-treba-znati-o-TTIP-u/,"16. svibnja, 2016 at 12:51"
http://p3-raw.greenpeace.org/croatia/hr/Kutak_za_medije/priopcenja-za-medije/Jedan-Jadran-Italija/,"13. travnja, 2016 at 14:57"
http://p3-raw.greenpeace.org/croatia/hr/Kutak_za_medije/Blog/ugljen_voda/,"25. ožujka, 2016 at 12:05"
http://p3-raw.greenpeace.org/croatia/hr/Novosti/Zaposljavamo/,"3. ožujka, 2016 at 14:25"
http://p3-raw.greenpeace.org/croatia/hr/Kutak_za_medije/priopcenja-za-medije/_turneja3/,"14. travnja, 2013 at 14:00"
http://p3-raw.greenpeace.org/croatia/hr/Kutak_za_medije/priopcenja-za-medije/_oliver/,"13. travnja, 2013 at 14:00"
http://p3-raw.greenpeace.org/croatia/hr/Kutak_za_medije/priopcenja-za-medije/_turneja1/,"11. travnja, 2013 at 14:00"
http://p3-raw.greenpeace.org/croatia/hr/Kutak_za_medije/priopcenja-za-medije/_turneja/,"18. ožujka, 2013 at 13:00"
http://p3-raw.greenpeace.org/croatia/hr/Kutak_za_medije/priopcenja-za-medije/Veliki-uspjeh-kampanje-Krievaki-sunani-krovovi/,"25. svibnja, 2018 at 10:30"
http://p3-raw.greenpeace.org/croatia/hr/about-us/Politika-zastite-osobnih-podataka/,"24. svibnja, 2018 at 15:05"
http://p3-raw.greenpeace.org/croatia/hr/Kutak_za_medije/priopcenja-za-medije/Izniman-interes-za-ulaganjem-u-solarnu-elektranu/,"18. svibnja, 2018 at 11:24"
http://p3-raw.greenpeace.org/croatia/hr/Kutak_za_medije/priopcenja-za-medije/_Barroso/,"22. siječnja, 2014 at 14:52"
http://p3-raw.greenpeace.org/croatia/hr/Kutak_za_medije/_publikacije/_plomin1/,"22. siječnja, 2014 at 14:49"
http://p3-raw.greenpeace.org/croatia/hr/Kutak_za_medije/_publikacije/_plomin/,"10. svibnja, 2013 at 10:30"
http://p3-raw.greenpeace.org/croatia/hr/Kutak_za_medije/priopcenja-za-medije/CETA/,"12. listopada, 2016 at 10:55"
http://p3-raw.greenpeace.org/croatia/hr/Kutak_za_medije/Blog/to-znai-ratifikacija-parikog-sporazuma/,"7. listopada, 2016 at 15:51"
http://p3-raw.greenpeace.org/croatia/hr/Kutak_za_medije/priopcenja-za-medije/Kandidati-za-sabor-obvezali-se-podupirati-obnovljive-izvore-energije/,"5. rujna, 2016 at 14:55"
http://p3-raw.greenpeace.org/croatia/hr/Kutak_za_medije/priopcenja-za-medije/Popis-kandidata-za-Hrvatski-Sabor-koji-aktivno-zagovaraju-i-podravaju-obnovljive-izvore-energije/,"5. rujna, 2016 at 11:25"
http://p3-raw.greenpeace.org/croatia/hr/Kutak_za_medije/Blog/Iz-prve-ruke-spaavanje-rumunjske-praume/,"31. kolovoza, 2016 at 11:36"
http://p3-raw.greenpeace.org/croatia/hr/Kutak_za_medije/priopcenja-za-medije/Aktivistima-Greenpeacea-odbijen-zahtjev-za-jamcevinom/,"3. prosinca, 2018 at 12:56"
http://p3-raw.greenpeace.org/croatia/hr/Kutak_za_medije/priopcenja-za-medije/kitovi-na-zagrebackom-trgu/,"17. listopada, 2018 at 9:37"
http://p3-raw.greenpeace.org/croatia/hr/Kutak_za_medije/priopcenja-za-medije/Poari-su-lice-klimatskih-promjena/,"30. rujna, 2018 at 9:52"
http://p3-raw.greenpeace.org/croatia/hr/Kutak_za_medije/priopcenja-za-medije/Plastika-na-plazama-samo-je-5-posto-onecisenja/,"30. srpnja, 2018 at 10:27"
http://p3-raw.greenpeace.org/croatia/hr/Kutak_za_medije/_publikacije/brosura-Analiza-mogucnosti-sire-primjene-OIE-u-turistickom-sektoru-u-Hrv/,"14. studenog, 2017 at 13:43"
http://p3-raw.greenpeace.org/croatia/hr/Kutak_za_medije/_publikacije/Edukativna-radionica-o-mogunostima-financiranja-i-koritenja-solarne-energije-u-turizmu/,"9. lipnja, 2017 at 11:51"
http://p3-raw.greenpeace.org/croatia/hr/Kutak_za_medije/_publikacije/Dopis-veleposlaniku-Ruske-Federacije/,"20. rujna, 2016 at 11:37"
http://p3-raw.greenpeace.org/croatia/hr/Kutak_za_medije/_publikacije/Croatias-transition-to-100-RES1/,"26. studenog, 2015 at 10:00"
http://p3-raw.greenpeace.org/croatia/hr/Kutak_za_medije/priopcenja-za-medije/Plomin-1-je-mrtav-a-HEP-ga-zeli-ozivjeti/,"9. travnja, 2018 at 11:47"
http://p3-raw.greenpeace.org/croatia/hr/Kutak_za_medije/priopcenja-za-medije/Greenpeace-u-borbi-protiv-konzumerizma/,"1. prosinca, 2017 at 15:56"
http://p3-raw.greenpeace.org/croatia/hr/Kutak_za_medije/priopcenja-za-medije/Divovski-zmaj-od-plastike-na-konferenciji-o-zatiti-oceana-/,"5. listopada, 2017 at 14:25"
http://p3-raw.greenpeace.org/croatia/hr/Kutak_za_medije/priopcenja-za-medije/Dvije-treine-graana-protiv-Plomina-C1/,"23. lipnja, 2014 at 13:42"
http://p3-raw.greenpeace.org/croatia/hr/Kutak_za_medije/priopcenja-za-medije/Strateki-interesi/,"15. svibnja, 2014 at 13:42"
http://p3-raw.greenpeace.org/croatia/hr/Kutak_za_medije/priopcenja-za-medije/TE_plominC/,"27. siječnja, 2014 at 11:02"
http://p3-raw.greenpeace.org/croatia/hr/Kutak_za_medije/priopcenja-za-medije/_plomin/,"9. svibnja, 2013 at 13:00"
http://p3-raw.greenpeace.org/croatia/hr/Kutak_za_medije/priopcenja-za-medije/Dvije-treine-graana-protiv-Plomina-C1/,"23. lipnja, 2014 at 15:42"
http://p3-raw.greenpeace.org/croatia/hr/Kutak_za_medije/priopcenja-za-medije/Strateki-interesi/,"15. svibnja, 2014 at 15:42"
http://p3-raw.greenpeace.org/croatia/hr/Kutak_za_medije/priopcenja-za-medije/Zagreb-zapoinje-globalni-val-prosvjeda-protiv-fosilnih-goriva/,"7. ožujka, 2017 at 11:32"
http://p3-raw.greenpeace.org/croatia/hr/Kutak_za_medije/priopcenja-za-medije/CETA/,"12. listopada, 2016 at 12:55"
http://p3-raw.greenpeace.org/croatia/hr/Kutak_za_medije/priopcenja-za-medije/Kandidati-za-sabor-obvezali-se-podupirati-obnovljive-izvore-energije/,"5. rujna, 2016 at 16:55"
http://p3-raw.greenpeace.org/croatia/hr/Kutak_za_medije/priopcenja-za-medije/Divovski-zmaj-od-plastike-na-konferenciji-o-zatiti-oceana-/,"5. listopada, 2017 at 12:25"
http://p3-raw.greenpeace.org/croatia/hr/Kutak_za_medije/priopcenja-za-medije/krovove-na-sunce-visnjan/,"15. ožujka, 2017 at 9:25"
http://p3-raw.greenpeace.org/croatia/hr/Kutak_za_medije/priopcenja-za-medije/lagane-plasticne-vrecice-treba-zabraniti/,"31. siječnja, 2019 at 11:21"
http://p3-raw.greenpeace.org/croatia/hr/Kutak_za_medije/priopcenja-za-medije/TTIP--otkriveni-tajni-dokumenti/,"2. svibnja, 2016 at 12:49"
http://p3-raw.greenpeace.org/croatia/hr/Kutak_za_medije/priopcenja-za-medije/sos-za-jadran-priopcenje-za-medije/,"26. siječnja, 2016 at 12:48"
http://p3-raw.greenpeace.org/croatia/hr/Kutak_za_medije/priopcenja-za-medije/Kumi-COP21/,"3. prosinca, 2015 at 9:53"
http://p3-raw.greenpeace.org/croatia/hr/Kutak_za_medije/priopcenja-za-medije/Greenpeaceov-brod-Rainbow-Warrior-III-dolazi-u-Hrvatsku-u-sklopu-mediteranske-turneje1/,"18. srpnja, 2014 at 14:18"
http://p3-raw.greenpeace.org/croatia/hr/Kutak_za_medije/priopcenja-za-medije/1500-biciklista-u-Zagrebu-otvorilo-globalni-val-prosvjeda-protiv-fosilnih-goriva/,"12. ožujka, 2017 at 19:00"
http://p3-raw.greenpeace.org/croatia/hr/Kutak_za_medije/priopcenja-za-medije/Zagreb-zapoinje-globalni-val-prosvjeda-protiv-fosilnih-goriva/,"7. ožujka, 2017 at 10:32"
http://p3-raw.greenpeace.org/croatia/hr/Kutak_za_medije/Blog/15-injenica-koje-niste-znali-o-ernobilu/,"11. travnja, 2016 at 14:42"
http://p3-raw.greenpeace.org/croatia/hr/Kutak_za_medije/Blog/Zaposljavamo/,"3. ožujka, 2016 at 14:25"
http://p3-raw.greenpeace.org/croatia/hr/Kutak_za_medije/Blog/Kako-je-plastika-zarazila-svijet/,"9. prosinca, 2017 at 23:41"
http://p3-raw.greenpeace.org/croatia/hr/Kutak_za_medije/priopcenja-za-medije/Prirodno-partnerstvo-turizma-i-solarne-energije/,"15. studenog, 2017 at 11:02"
http://p3-raw.greenpeace.org/croatia/hr/Kutak_za_medije/Blog/Nobelova-nagrada-za-mir-dodjeljena-Meunarodnoj-kampanji-za-ukidanje-nuklearnog-oruja/,"10. listopada, 2017 at 12:21"
http://p3-raw.greenpeace.org/croatia/hr/Kutak_za_medije/Blog/Dosta-je-izgovora-za-nedostatak-vizije-volje-i-petlje/,"30. prosinca, 2016 at 10:55"
http://p3-raw.greenpeace.org/croatia/hr/Kutak_za_medije/Blog/Panele-na-hotele-blog/,"4. srpnja, 2017 at 10:29"
http://p3-raw.greenpeace.org/croatia/hr/Kutak_za_medije/Blog/Plastina-udovita-iz-cijelog-svijeta-vraaju-se-kui-u-Nestle/,"2. svibnja, 2019 at 13:45"
http://p3-raw.greenpeace.org/croatia/hr/Kutak_za_medije/Blog/Pribliavaju-se-izbori-za-EU-parlament-Evo-zato-vas-se-to-tie/,"2. svibnja, 2019 at 10:48"
