http://p3-raw.greenpeace.org/seasia/feature-stories/Energy-and-water-security-for-a-robust-green-economy/,"March 22, 2014 at 8:00"
http://p3-raw.greenpeace.org/seasia/about-us/,"October 11, 2010 at 15:46"
http://p3-raw.greenpeace.org/seasia/Donate/,"September 7, 2010 at 21:20"
http://p3-raw.greenpeace.org/seasia/A-wave-of-change-for-Thai-fishing-fleets-and-the-global-seafood-industry/,"July 28, 2017 at 13:04"
http://p3-raw.greenpeace.org/seasia/about-us/Malaysia/,"May 25, 2016 at 15:24"
http://p3-raw.greenpeace.org/seasia/Press-Centre/Greenpeace-Rainbow-Warrior-arrives-in-Malaysia-for-a-historic-visit-in-the-name-of-environmental-protection/,"June 2, 2018 at 14:26"
http://p3-raw.greenpeace.org/seasia/Press-Centre/Exxon-Shell-Chevron-face-inquiry-hearing-for-human-rights-violations-in-New-York/,"September 28, 2018 at 0:36"
http://p3-raw.greenpeace.org/seasia/get-involved/haze-sg2/,"June 26, 2013 at 12:49"
http://p3-raw.greenpeace.org/seasia/get-involved/haze-sg1/,"June 26, 2013 at 12:49"
http://p3-raw.greenpeace.org/seasia/get-involved/haze-malay/,"June 26, 2013 at 12:49"
http://p3-raw.greenpeace.org/seasia/Nearly-700000-people-call-on-Thai-Union-for-more-sustainable-ethical-tuna/,"June 2, 2017 at 13:32"
http://p3-raw.greenpeace.org/seasia/Greenpeace-Southeast-Asia/Environment-groups-relieved-over-Viacom-break-up-with-Coral-World-Park-on-planned-undersea-theme-park-in-Coron/,"August 23, 2017 at 11:01"
http://p3-raw.greenpeace.org/seasia/feature-stories/Yeb-Sano-We-will-not-stop-until-we-hold-fossil-fuel-companies-accountable-/,"June 20, 2018 at 14:58"
http://p3-raw.greenpeace.org/seasia/feature-stories/Peter-Willcox-You-cannot-use-violence-to-change-peoples-minds/,"July 10, 2018 at 13:54"
http://p3-raw.greenpeace.org/seasia/Press-Centre/Marine-life-flies-outside-UN-as-world-meets-to-discuss-global-ocean-treaty-/,"September 5, 2018 at 9:59"
http://p3-raw.greenpeace.org/seasia/UN-Ocean-Treaty-negotiations--Greenpeace-response/,"September 17, 2018 at 22:00"
http://p3-raw.greenpeace.org/seasia/Press-Centre/Greenpeace-occupies-refinery-loaded-with-dirty-palm-oil-in-Indonesia/,"September 25, 2018 at 10:11"
http://p3-raw.greenpeace.org/seasia/Press-Centre/Survivors-fight-for-climate-justice-inLondon-five-years-after-Philippinesdeadliest-typhoon/,"November 6, 2018 at 13:02"
http://p3-raw.greenpeace.org/seasia/news/Greenpeace-Only-five-out-of-23-tuna-canneries-in-Southeast-Asia-make-the-grade-/,"December 5, 2018 at 12:21"
http://p3-raw.greenpeace.org/seasia/news/Landmark-CHR-investigation-into-corporate-responsibility-for-climate-change-to-conclude-in-PH-with-collection-of-evidence-now-on-record/,"December 11, 2018 at 18:02"
http://p3-raw.greenpeace.org/seasia/Press-Centre/Press-Releases/Jokowis-forests-protection-promises-tested-as-fires-rise/,"August 2, 2017 at 13:57"
http://p3-raw.greenpeace.org/seasia/Press-Centre/GREENPEACE-STATEMENT-ON-THE-BIRD-FLU-OUTBREAK/,"August 17, 2017 at 15:00"
http://p3-raw.greenpeace.org/seasia/Press-Centre/Worlds-largest-palm-oil-grower-forced-to-restore-over-1000ha-of-rainforest-/,"August 30, 2017 at 10:00"
http://p3-raw.greenpeace.org/seasia/Press-Centre/Anti-coal-communities-in-Thailands-deep-south-say-no-to-coal/,"September 14, 2017 at 14:17"
http://p3-raw.greenpeace.org/seasia/Press-Centre/Nestle-Unilever-PG-among-worst-offenders-for-plastic-pollution-in-Philippines-in-beach-audit/,"September 22, 2017 at 12:57"
http://p3-raw.greenpeace.org/seasia/Press-Centre/Leaked-letter-reveals-worries-over-Indonesias-state-power-company-PLNs-debts---/,"September 29, 2017 at 8:28"
http://p3-raw.greenpeace.org/seasia/Press-Centre/Thailand-suffers-from-poor-air-quality-and-fails-to-meet-Sustainable-Development-Goals-Greenpeace/,"August 8, 2017 at 13:00"
http://p3-raw.greenpeace.org/seasia/news/Federal-Court-Dismisses-Resolute-SLAPP-Suit-Against-Greenpeace/,"October 17, 2017 at 8:00"
http://p3-raw.greenpeace.org/seasia/stop-the-haze/,"April 7, 2014 at 17:00"
http://p3-raw.greenpeace.org/seasia/about-us/Work-for-Greenpeace/,"February 21, 2011 at 10:02"
http://p3-raw.greenpeace.org/seasia/feature-stories/,"August 6, 2013 at 17:00"
http://p3-raw.greenpeace.org/seasia/get-involved/Save-Our-Paradise-No-More-Oil-Spill/,"June 26, 2013 at 12:49"
http://p3-raw.greenpeace.org/seasia/Campaigns/asia-pacific/,"November 13, 2013 at 19:09"
http://p3-raw.greenpeace.org/seasia/get-involved/Put-the-fires-out-Put-in-place-regulations-to-stop-this-happening-again-/,"June 26, 2013 at 12:49"
http://p3-raw.greenpeace.org/seasia/Campaigns/Protect-Paradise/,"November 13, 2013 at 22:09"
http://p3-raw.greenpeace.org/seasia/news/Greenpeace-condemns-coal-companies-call-for-public-subsidy---/,"March 10, 2016 at 12:24"
http://p3-raw.greenpeace.org/seasia/Press-Centre/Press-Releases/Greenpeace-highlights-environmental-and-labor-concerns-ahead-of-Thai-Union-Annual-General-Meeting/,"April 5, 2016 at 12:27"
http://p3-raw.greenpeace.org/seasia/Press-Centre/Press-Releases/Activists-bring-coal-supply-to-a-standstill-at-massive-Indonesian-power-plant/,"May 15, 2016 at 12:39"
http://p3-raw.greenpeace.org/seasia/Press-Centre/Press-Releases/Greenpeace-welcomes-moves-to-reduce-coal-use-in-the-Philippines/,"May 30, 2016 at 15:09"
http://p3-raw.greenpeace.org/seasia/Press-Centre/IOIs-RSPO-complaint-resolved-but-environmental-and-human-rights-abuses-continue/,"December 2, 2016 at 23:22"
http://p3-raw.greenpeace.org/seasia/Press-Centre/publications/Turn-The-Tide/,"December 15, 2016 at 14:40"
http://p3-raw.greenpeace.org/seasia/Press-Centre/Press-Releases/Cancelling-new-coal-plants-in-Southeast-Asia-Korea-Japan-would-save-50000-lives-a-year/,"January 13, 2017 at 14:46"
http://p3-raw.greenpeace.org/seasia/Press-Centre/Press-Releases/New-HSBC-no-deforestation-policy-first-step-towards-sustainable-palm-oil-finance/,"February 21, 2017 at 13:14"
http://p3-raw.greenpeace.org/seasia/Press-Centre/Press-Releases/HSBC-Stop-Funding-Forest-Fires-in-Indonesia/,"February 14, 2017 at 9:23"
http://p3-raw.greenpeace.org/seasia/Press-Centre/Press-Release/,"March 9, 2017 at 11:30"
http://p3-raw.greenpeace.org/seasia/Report-Lynas1/Report-Lynas/,"June 20, 2014 at 15:00"
http://p3-raw.greenpeace.org/seasia/feature-stories/Stopping-Thai-Union-from-trashing-our-seas/,"May 17, 2016 at 13:56"
http://p3-raw.greenpeace.org/seasia/news/Exposing-the-underbelly-of-the-Thai-fishing-industry/,"December 15, 2016 at 16:00"
http://p3-raw.greenpeace.org/seasia/Press-Centre/Shell-knew-of-climate-change-danger-since-1991---Greenpeace-response/,"March 1, 2017 at 14:23"
http://p3-raw.greenpeace.org/seasia/Press-Centre/A-movement-spanning-six-continents-demands-a-world-free-from-fossil-fuels/,"March 13, 2017 at 16:12"
http://p3-raw.greenpeace.org/seasia/news/How-the-people-are-wresting-back-control-from-global-foodcorporations/,"April 21, 2017 at 13:44"
http://p3-raw.greenpeace.org/seasia/Press-Centre/Greenpeace-tells-ASEAN-Act-on-plastics-pollution-in-regions-oceans/,"April 25, 2017 at 12:37"
http://p3-raw.greenpeace.org/seasia/Press-Centre/-Documents-detail-what-Shell-knew-about-climate-change-decades-ago-Greenpeace-reaction/,"April 5, 2018 at 20:01"
http://p3-raw.greenpeace.org/seasia/Press-Centre/Land-management-ministry-awarded-trophy-for-year-long-defiance-of-supreme-court-order-to-open-forest-data/,"August 21, 2018 at 19:09"
http://p3-raw.greenpeace.org/seasia/Press-Centre/Press-Releases/Greenpeace-ship-begins-first-Indonesian-tour-since-being-deported/,"May 9, 2013 at 13:10"
http://p3-raw.greenpeace.org/seasia/multimedia/videos/,"September 8, 2010 at 16:34"
http://p3-raw.greenpeace.org/seasia/Press-Centre/,"November 9, 2010 at 17:43"
http://p3-raw.greenpeace.org/seasia/multimedia/,"September 8, 2010 at 16:31"
http://p3-raw.greenpeace.org/seasia/Press-Centre/Press-Releases/New-World-Bank-climate-change-report-should-spur-SEA-and-world-leaders-into-action-Greenpeace/,"June 20, 2013 at 13:07"
http://p3-raw.greenpeace.org/seasia/Press-Centre/Press-Releases/Palm-oil-giant-Wilmar-caught-in-forest-scandal---Greenpeace/,"October 22, 2013 at 11:03"
http://p3-raw.greenpeace.org/seasia/Campaigns/Protect-Paradise/Licence-to-kill/,"October 22, 2013 at 10:00"
http://p3-raw.greenpeace.org/seasia/Campaigns/Protect-Paradise/Certifying-Destruction/,"September 3, 2013 at 10:00"
http://p3-raw.greenpeace.org/seasia/Press-Centre/Press-Releases/ASEAN-Environmental-Rights--Human-Rights/ASEAN-Environmental-Rights-Human-Rights/,"November 16, 2012 at 12:07"
http://p3-raw.greenpeace.org/seasia/turn-the-tide/the-rainbow-warrior/,"April 23, 2008 at 15:55"
http://p3-raw.greenpeace.org/seasia/afab/,"April 4, 2011 at 5:30"
http://p3-raw.greenpeace.org/seasia/news/,"September 10, 2010 at 12:24"
http://p3-raw.greenpeace.org/seasia/Press-Centre/Press-Releases/Indonesian-President-meets-Greenpeace-leader-on-the-Rainbow-Warrior-welcomes-legacy-of-environmental-protection/,"June 8, 2013 at 13:00"
http://p3-raw.greenpeace.org/seasia/news/---Coal-Industry-Impacted-Community-Demand-President-Jokowi--to-Prioritise-People-over-Corporation---/,"December 21, 2015 at 14:44"
http://p3-raw.greenpeace.org/seasia/Press-Centre/Press-Releases/Cancelling-Myanmars-new-coal-plants-could-save-7100-lives-a-year/,"May 4, 2017 at 13:30"
http://p3-raw.greenpeace.org/seasia/Press-Centre/Yolanda-survivor-Joanna-Sustento-joins-actress-Lucy-Lawless-in-protest-against-Arctic-oil-exploitation/,"July 21, 2017 at 21:00"
http://p3-raw.greenpeace.org/seasia/Press-Centre/ExxonMobil-Shell-among-companies-told-to-attend--human-rights-investigation-over-climate-change/,"October 20, 2017 at 13:00"
http://p3-raw.greenpeace.org/seasia/Press-Centre/Greenpeace-calls-out-the-true-cost-of-coal-at-coal-industry-event-in-Bali-Indonesia/,"May 7, 2018 at 14:58"
http://p3-raw.greenpeace.org/seasia/Press-Centre/Greenpeace-Rainbow-Warrior-in-Singapore-for-the-Climate-Action-Tour/,"May 28, 2018 at 18:12"
http://p3-raw.greenpeace.org/seasia/Press-Centre/Thai-students-face-off-on-World-Meat-Free-Day-culinary-competition/,"June 11, 2018 at 14:03"
http://p3-raw.greenpeace.org/seasia/Press-Centre/Press-Releases/Worlds-largest-palm-oil-trader-linked-to-rainforest-destruction-twice-the-size-of-Paris/,"June 26, 2018 at 11:21"
http://p3-raw.greenpeace.org/seasia/Press-Centre/Wilmar-executives-resign-as-fallout-from-deforestation-scandal-spreads/,"July 4, 2018 at 12:58"
http://p3-raw.greenpeace.org/seasia/Press-Centre/World-Orangutan-Day-Numbers-still-in-decline-despite-Indonesian-governments-new-claims/,"August 21, 2018 at 19:44"
http://p3-raw.greenpeace.org/seasia/news/-Fires-burning-inside-palm-oil-concessions-linked-to-major-household-brands/,"August 29, 2018 at 15:04"
http://p3-raw.greenpeace.org/seasia/Press-Centre/Greenpeace-11th-hour-for-the-climate-its-time-for-leadership-to-truly-emerge/,"September 15, 2018 at 10:07"
http://p3-raw.greenpeace.org/seasia/Press-Centre/Coca-Cola-PepsiCo-and-Nestle-found-to-be-worst-plastic-polluters-worldwide-in-global-cleanups-and-brand-audits-/,"October 9, 2018 at 8:33"
http://p3-raw.greenpeace.org/seasia/news/In-South-Thailand-No-fish-no-future/,"August 6, 2013 at 17:03"
http://p3-raw.greenpeace.org/seasia/news/International-Biodiversity-Day-in-photos-/,"May 22, 2013 at 15:32"
http://p3-raw.greenpeace.org/seasia/news/Fire-Hotspots-Expose-Gaps-in-Indonesias-Forests-Moratorium/,"June 20, 2013 at 17:00"
http://p3-raw.greenpeace.org/seasia/multimedia/photo/,"September 13, 2010 at 10:00"
http://p3-raw.greenpeace.org/seasia/Press-Centre/Press-Releases/Greenpeace-Regrets-RGE-Missed-Opportunity/,"September 23, 2014 at 13:19"
http://p3-raw.greenpeace.org/seasia/Press-Centre/Press-Releases/GAR-Needs-to-Step-Up-Efforts/,"November 13, 2014 at 17:30"
http://p3-raw.greenpeace.org/seasia/Press-Centre/Press-Releases/IOI-Policy/,"November 14, 2014 at 18:08"
http://p3-raw.greenpeace.org/seasia/Press-Centre/Press-Releases/HCS-Briefer/,"November 18, 2014 at 12:10"
http://p3-raw.greenpeace.org/seasia/Press-Centre/Press-Releases/GAR-Report/,"December 22, 2014 at 22:18"
http://p3-raw.greenpeace.org/seasia/Press-Centre/Press-Releases/APRILs-Policy-Aniiversary-marked-by-broken-promises/,"January 28, 2015 at 19:54"
http://p3-raw.greenpeace.org/seasia/Press-Centre/Press-Releases/Rainforest-Alliance-independent-evaluation-of-APPs-progress-/,"February 5, 2015 at 9:00"
http://p3-raw.greenpeace.org/seasia/Press-Centre/Press-Releases/Tebo-District-Incident/,"March 2, 2015 at 14:42"
http://p3-raw.greenpeace.org/seasia/Press-Centre/Press-Releases/Sime-Darby-NBPOL/,"March 3, 2015 at 15:48"
http://p3-raw.greenpeace.org/seasia/Press-Centre/Press-Releases/3M-Banks-Pressure-APRIL-Over-Deforestation-/,"March 9, 2015 at 18:36"
http://p3-raw.greenpeace.org/seasia/Press-Centre/Press-Releases/Causes-and-solutions-to-Indonesias-forest-fires/,"September 18, 2015 at 19:00"
http://p3-raw.greenpeace.org/seasia/Press-Centre/Press-Releases/Coal-expansion-in-Vietnam-could-claim-25000-lives-per-year/,"September 30, 2015 at 16:00"
http://p3-raw.greenpeace.org/seasia/Press-Centre/Press-Releases/End-Indonesias-fires-By-Ending-Forest-and-Peatland-Destruction/,"October 26, 2015 at 17:03"
http://p3-raw.greenpeace.org/seasia/Press-Centre/Press-Releases/Greenpeace-exposes-recently-burnt-Indonesian-forest-replaced-with-palm-oil/,"November 5, 2015 at 11:00"
http://p3-raw.greenpeace.org/seasia/Press-Centre/Press-Releases/Greenpeace-calls-on-Indonesias-plantation-industry-to-adopt-Fire-Action-Plan/,"October 29, 2015 at 11:00"
http://p3-raw.greenpeace.org/seasia/Press-Centre/Press-Releases/UAV-footage-of-massive-forest-fires-as-Indonesias-carbon-bomb-explodes/,"October 7, 2015 at 11:00"
http://p3-raw.greenpeace.org/seasia/Press-Centre/Press-Releases/Failure-to-tackle-deforestation-and-protect-peatlands-leaves-Indonesia-choking/,"September 10, 2015 at 10:00"
http://p3-raw.greenpeace.org/seasia/Press-Centre/Press-Releases/Plantation-industry-and-NGOs-agreed-a-way-to-end-deforestation---but-study-by-handful-of-companies-proposes-to-continue-forest-destruction/,"September 4, 2015 at 11:00"
http://p3-raw.greenpeace.org/seasia/Press-Centre/Press-Releases/President-Joko-Widodos-peatland-ban-sets-the-bar-for-action-on-climate-change/,"November 10, 2015 at 14:00"
http://p3-raw.greenpeace.org/seasia/Press-Centre/Press-Releases/Transparency-Crucial-to-Prevent-Forest-Fires-FOI-Case-Aims-to-End-Map-Secrecy/,"November 12, 2015 at 12:00"
http://p3-raw.greenpeace.org/seasia/Press-Centre/Press-Releases/The-World-Bank-must-stop-support-for-coal-in-Indonesia-Springs-Meetings-must-lead-to-firm-commitments/,"April 17, 2015 at 9:08"
http://p3-raw.greenpeace.org/seasia/Press-Centre/Press-Releases/Indonesian-President-Extends-Weak-Forest-Moratorium/,"May 13, 2015 at 22:12"
http://p3-raw.greenpeace.org/seasia/Press-Centre/Press-Releases/Comment-on-Golden-Agri-Resources-progress/,"May 21, 2015 at 18:28"
http://p3-raw.greenpeace.org/seasia/Press-Centre/Press-Releases/APRIL-new-forest-conservation-policy/,"June 3, 2015 at 1:40"
http://p3-raw.greenpeace.org/seasia/Press-Centre/Press-Releases/Greenpeace-RAN-Warn-of-Forest-Certification-Greenwash/,"June 24, 2015 at 16:53"
http://p3-raw.greenpeace.org/seasia/Press-Centre/Press-Releases/Greenpeace-welcomes-landmark-corporate-initiative-to-save-peat-forests/,"August 13, 2015 at 15:41"
http://p3-raw.greenpeace.org/seasia/Press-Centre/Press-Releases/Research-from-Harvard-reveals-health-impacts-of-Indonesias-coal-plants/,"August 12, 2015 at 16:08"
http://p3-raw.greenpeace.org/seasia/Press-Centre/Press-Releases/RadioactiveRuse/,"August 29, 2014 at 15:51"
http://p3-raw.greenpeace.org/seasia/Press-Centre/Press-Releases/Palm-Oil-Manifesto-Companies-Urged-to-Apply-Strong-HCS-Standards/,"September 19, 2014 at 16:21"
http://p3-raw.greenpeace.org/seasia/Press-Centre/Press-Releases/Update-on-Tebo-District-Incident/,"May 25, 2015 at 17:09"
http://p3-raw.greenpeace.org/seasia/Press-Centre/Press-Releases/Concrete-action-needed-to-protect-critical-peat-landscape-/,"March 29, 2017 at 23:30"
http://p3-raw.greenpeace.org/seasia/Press-Centre/Press-Releases/Palm-oil-giant-IOI-moves-to-eliminate-deforestation-and-human-rights-abuses-from-supply-chain-/,"April 28, 2017 at 10:16"
http://p3-raw.greenpeace.org/seasia/Press-Centre/Press-Releases/Six-Years-of-Moratorium/,"May 4, 2017 at 17:30"
http://p3-raw.greenpeace.org/seasia/Press-Centre/Press-Releases/RSPO-sends-an-ultimatum-to-Goodhope1/,"May 5, 2017 at 22:01"
http://p3-raw.greenpeace.org/seasia/Press-Centre/Press-Releases/Greenpeace-Encouraging-business-over-forests-protection-is-bad-deal-for-Indonesia/,"July 26, 2017 at 15:44"
http://p3-raw.greenpeace.org/seasia/Press-Centre/Press-Releases/All-deforestation-in-orangutan-habitat-must-be-stopped-immediately/,"August 22, 2017 at 17:16"
http://p3-raw.greenpeace.org/seasia/Press-Centre/New-deforestation-revealed-as-Indonesian-minister-arrives-in-EU-to-defend-palm-oil-industry/,"April 27, 2018 at 15:02"
http://p3-raw.greenpeace.org/seasia/about-us/Annual-Reports/Annual-Report-2016/,"December 5, 2017 at 15:16"
http://p3-raw.greenpeace.org/seasia/Press-Centre/Art-exhibit-puts-Thailand-air-pollution-in-spotlight/,"January 16, 2018 at 9:30"
http://p3-raw.greenpeace.org/seasia/Press-Centre/New-bird-species-identified-in-eastern-Indonesias-threatened-forests/,"January 16, 2018 at 20:00"
http://p3-raw.greenpeace.org/seasia/Press-Centre/Press-Releases/Regarding-IOIs-response-to-A-Deadly-Trade-Off-report/,"October 18, 2016 at 16:57"
http://p3-raw.greenpeace.org/seasia/Press-Centre/Press-Releases/HCS-Convergence-Process-Concludes/,"November 8, 2016 at 10:00"
http://p3-raw.greenpeace.org/seasia/Press-Centre/Press-Releases/Indonesias-plans-for-forests-and-energy-betray-spirit-of-Paris-Agreement/,"November 17, 2016 at 2:09"
http://p3-raw.greenpeace.org/seasia/Press-Centre/Press-Releases/Greenpeace-comment-on-labour-abuses-in-Wilmars-palm-oil-operations/,"December 1, 2016 at 10:00"
http://p3-raw.greenpeace.org/seasia/Press-Centre/Press-Releases/Withdrawing-from-APRILs-Stakeholder-Advisory-Committee/,"December 8, 2016 at 16:30"
http://p3-raw.greenpeace.org/seasia/Press-Centre/Press-Releases/Ministry-of-Manpower-Failure-to-Protect-Indonesian-Migrant-Fishermen-from-Human-Trafficking-Crimes/,"December 13, 2016 at 12:35"
http://p3-raw.greenpeace.org/seasia/Press-Centre/Press-Releases/Thai-fishing-fleet-moving-to-Indian-ocean-to-avoid-regulation-finds-Greenpeace-investigation/,"December 15, 2016 at 15:00"
http://p3-raw.greenpeace.org/seasia/Press-Centre/Press-Releases/Mars-Nestle-commit-to-clean-up-pet-food-supply-chains-increasing-pressure-on-Thai-Union-to-act-/,"March 16, 2017 at 21:00"
http://p3-raw.greenpeace.org/seasia/Press-Centre/Press-Releases/Solution-to-Indonesian-forest-fires-and-climate-change/,"November 27, 2015 at 14:00"
http://p3-raw.greenpeace.org/seasia/Press-Centre/Press-Releases/the-true-test-of-Jokowis-climate-commitment/,"November 30, 2015 at 23:50"
http://p3-raw.greenpeace.org/seasia/Press-Centre/Press-Releases/Philippines-Supreme-Court-bans-development-of-genetically-engineered-products-/,"December 14, 2015 at 11:05"
http://p3-raw.greenpeace.org/seasia/Press-Centre/Press-Releases/Palm-Oil-Transparency-Slow-to-Arrive-Limited-in-Scope/,"December 22, 2015 at 15:00"
http://p3-raw.greenpeace.org/seasia/Press-Centre/Press-Releases/Peat-Restoration-Agency-Welcomed/,"January 15, 2016 at 19:30"
http://p3-raw.greenpeace.org/seasia/Press-Centre/Press-Releases/Norwegian-Funding-Highlights-Urgency---and-Challenges---Facing-Indonesian-Peat-Protection/,"February 4, 2016 at 16:30"
http://p3-raw.greenpeace.org/seasia/Press-Centre/Press-Releases/Palm-Oil-Industry-Fails-to-Address-Deforestation-in-Optional-RSPO-Next-Standard/,"February 9, 2016 at 23:00"
http://p3-raw.greenpeace.org/seasia/Press-Centre/Press-Releases/Astra-Agro-Takes-the-Progressive-IPOP-Pledge/,"February 18, 2016 at 18:51"
http://p3-raw.greenpeace.org/seasia/Press-Centre/Press-Releases/Leap-Forward-In-Efforts-To--Transform-the-Palm-Oil-Industry/,"March 10, 2016 at 12:00"
http://p3-raw.greenpeace.org/seasia/Press-Centre/publications/Mapping-transparency-essential-to-stopping-Indonesias-fires/,"March 16, 2016 at 0:39"
http://p3-raw.greenpeace.org/seasia/about-us/Work-for-Greenpeace/Regional-Research-and-Investigations-Coordinator/,"March 14, 2019 at 0:28"
http://p3-raw.greenpeace.org/seasia/Press-Centre/Plastic-invades-centre-of-the-centre-of-global-biodiversity-hotspot/Nestle-and-Unilever-named-top-plastic-polluters-following-Philippines-brand-and-waste-audits/,"March 7, 2019 at 13:30"
http://p3-raw.greenpeace.org/seasia/Press-Centre/Press-Releases/Recycling-from-developed-world-dumped-in-Malaysia-and-left-to-rot/,"November 27, 2018 at 10:00"
http://p3-raw.greenpeace.org/seasia/about-us/Work-for-Greenpeace/Public-Engagement-Campainger-for-Malaysia/,"April 15, 2019 at 16:59"
http://p3-raw.greenpeace.org/seasia/Press-Centre/Greenpeace-calls-on-Prime-Minister-Prayuth-Chan-Ocha-to-tackle-air-pollution-crisis/,"February 23, 2018 at 16:44"
http://p3-raw.greenpeace.org/seasia/Press-Centre/-Rainbow-Warrior-drops-its-anchor-in-Jakarta-with-the-mission-to-support-renewable-energy-for-Jakartas-clean-air-/,"April 23, 2018 at 21:33"
http://p3-raw.greenpeace.org/seasia/Press-Centre/Press-Releases/Enlightenment-Moment-as-Greenpeace-lights-up-Borobodur-temple-/,"October 29, 2012 at 14:27"
http://p3-raw.greenpeace.org/seasia/Press-Centre/Press-Releases/ASEAN-Environmental-Rights--Human-Rights/,"November 16, 2012 at 12:09"
http://p3-raw.greenpeace.org/seasia/Press-Centre/Press-Releases/progress-towards-a-no-deforestation-footprint/,"June 6, 2012 at 12:47"
http://p3-raw.greenpeace.org/seasia/stop-the-haze/Stop-the-haze/Thanks-for-signing-up/,"July 4, 2014 at 12:59"
http://p3-raw.greenpeace.org/seasia/Press-Centre/Press-Releases/Indonesian-Govt-Urged-to-Keep-Pace-with-Palm-Oil-Commitments/,"September 23, 2014 at 23:45"
http://p3-raw.greenpeace.org/seasia/Press-Centre/Press-Releases/Musim-Mas-Joins-Group-Urging-Govt-to-Protect-Forests-in-Indonesia-/,"March 29, 2015 at 16:28"
http://p3-raw.greenpeace.org/seasia/Press-Centre/Press-Releases/High-Carbon-Stock-Toolkit/,"April 2, 2015 at 10:00"
http://p3-raw.greenpeace.org/seasia/about-us/Malaysia/Supporting-Greenpeace-in-Malaysia/,"June 9, 2016 at 11:36"
http://p3-raw.greenpeace.org/seasia/about-us/Malaysia/Contact-us/,"June 9, 2016 at 11:56"
http://p3-raw.greenpeace.org/seasia/about-us/Malaysia/Greenpeace-Ambassadors/,"June 9, 2016 at 15:24"
http://p3-raw.greenpeace.org/seasia/Press-Centre/ExxonMobil-Shell-among-companies-told-to-attend--human-rights-investigation-over-climate-change/,"October 20, 2017 at 15:00"
http://p3-raw.greenpeace.org/seasia/Press-Centre/publications/Jakartas-Silent-Killer/,"October 24, 2017 at 18:07"
http://p3-raw.greenpeace.org/seasia/Press-Centre/Press-Releases/Thai-GE-free-Rice/,"June 2, 2011 at 9:50"
http://p3-raw.greenpeace.org/seasia/Press-Centre/Press-Releases/Barbie-Wrapped-in-Rainforest-Destruction-Scandal/,"June 8, 2011 at 10:21"
http://p3-raw.greenpeace.org/seasia/Press-Centre/Press-Releases/Greenpeace-Save-Tigers-Home-Tour-launches-in-Sumatra/,"September 22, 2011 at 19:00"
http://p3-raw.greenpeace.org/seasia/Press-Centre/Press-Releases/Even-Deep-Peatlands-Are-Destroyed-in-Our-Tigers-Habitat/,"September 28, 2011 at 11:21"
http://p3-raw.greenpeace.org/seasia/news/Greenpeace-calls-on-Philippine-government-to-abandon-nukes-on-Chernobyl-anniversary/,"April 26, 2011 at 11:52"
http://p3-raw.greenpeace.org/seasia/news/Welcome-to-climate-change-in-Thailand/,"April 5, 2011 at 11:32"
http://p3-raw.greenpeace.org/seasia/Nestle-misses-the-mark-with-statement-on-tackling-its-single-use-plastics-problem/,"April 10, 2018 at 19:24"
http://p3-raw.greenpeace.org/seasia/Press-Centre/Global-brands-divided-over-transparency-efforts-to-tackle-deforestation-for-palm-oil-/,"March 19, 2018 at 8:00"
http://p3-raw.greenpeace.org/seasia/Press-Centre/Greenpeace-RE-sector-to-build-massive-workforce-in-Thailand/,"June 12, 2018 at 16:33"
http://p3-raw.greenpeace.org/seasia/Press-Centre/100-Renewable-Energy-in-Krabi-possible-by-2026/,"June 13, 2018 at 19:06"
http://p3-raw.greenpeace.org/seasia/Press-Centre/Press-Releases/Worlds-top-climate-experts-to-testify-in-landmark-investigation-into-fossil-fuel-companies/,"August 28, 2018 at 12:50"
http://p3-raw.greenpeace.org/seasia/Press-Centre/Press-Releases/Worlds-biggest-brands-still-linked-to-rainforest-destruction/,"September 19, 2018 at 11:00"
http://p3-raw.greenpeace.org/seasia/Press-Centre/Press-Releases/Time-for-a-ban-on-deforestation-for-palm-oil-not-a-moratorium/,"September 21, 2018 at 17:41"
http://p3-raw.greenpeace.org/seasia/Press-Centre/Press-Releases/New-standards-for-sustainable-palm-oil-must-be-enforced-immediately/,"November 15, 2018 at 23:02"
http://p3-raw.greenpeace.org/seasia/Press-Centre/publications/THE-RECYCLING-MYTH/,"November 27, 2018 at 10:00"
http://p3-raw.greenpeace.org/seasia/Press-Centre/Press-Releases/Breakthrough-as-worlds-largest-palm-oil-trader-gives-forest-destroyers-nowhere-to-hide/,"December 11, 2018 at 12:37"
http://p3-raw.greenpeace.org/seasia/news/A-new-Rainbow-Warrior-sets-sail/,"October 14, 2011 at 18:00"
http://p3-raw.greenpeace.org/seasia/news/Greenpeace-flagship-Rainbow-Warrior-calls-on-Thailand-to-Turn-the-Tide/,"September 17, 2010 at 10:25"
http://p3-raw.greenpeace.org/seasia/news/install-a-countdown-clock-for-Map-Ta-Phut/,"October 1, 2010 at 10:03"
http://p3-raw.greenpeace.org/seasia/news/protest-at-sea-Samuis-groundzero/,"September 26, 2010 at 10:39"
http://p3-raw.greenpeace.org/seasia/news/Pollution-knows-no-borders/,"October 2, 2010 at 9:43"
http://p3-raw.greenpeace.org/seasia/news/turnthetide-rw-to-indonesia/,"October 11, 2010 at 11:25"
http://p3-raw.greenpeace.org/seasia/news/Thailands-rice-industry-could-lose-up-to-THB-96327-million-THB-in-case-of-GE-contamination-Greenpeace/,"October 12, 2010 at 10:36"
http://p3-raw.greenpeace.org/seasia/news/Quit-Coal-Indonesia/,"October 19, 2010 at 12:42"
http://p3-raw.greenpeace.org/seasia/news/The-high-price-of-coal/,"October 19, 2010 at 19:05"
http://p3-raw.greenpeace.org/seasia/news/u-cant-sink-a-rainbow/,"October 18, 2010 at 12:34"
http://p3-raw.greenpeace.org/seasia/Press-Centre/Press-Releases/ASEAN-must-demonstrate-leadership-in-UN-climate-negotiations/,"April 4, 2011 at 12:19"
http://p3-raw.greenpeace.org/seasia/Press-Centre/Press-Releases/candlelight-vigil-for-japan/,"March 30, 2011 at 10:36"
http://p3-raw.greenpeace.org/seasia/Press-Centre/Press-Releases/ASEAN-urged-to-advance-its-position-at-the-Bangkok-UN-climate-talks/,"March 31, 2011 at 11:12"
http://p3-raw.greenpeace.org/seasia/Press-Centre/Press-Releases/Greenpeace-Indonesian-NGOs-call-on-Ministry-of-Economic-Affairs-to-make-a-good-moratorium-possible/,"March 31, 2011 at 13:28"
http://p3-raw.greenpeace.org/seasia/Press-Centre/Press-Releases/Logging-Ban-must-include-forest-communities-in-decision-making-for-effective-implementation--Greenpeace/,"January 19, 2011 at 13:45"
http://p3-raw.greenpeace.org/seasia/Press-Centre/Press-Releases/Greenpeace-greener-electronic-ranking-shows-how-actions-speak-louder-than-words-for-the-electronics-industry/,"October 26, 2010 at 1:32"
http://p3-raw.greenpeace.org/seasia/news/Rainbow-Warrior-calls-on-Thai-government-to-get-smart/,"September 22, 2010 at 9:48"
http://p3-raw.greenpeace.org/seasia/news/Greener-electronics-guide-updated/,"October 26, 2010 at 10:21"
http://p3-raw.greenpeace.org/seasia/news/Golden-Rice-a-distraction-to-solving-Vitamin-A-deficiency/,"November 9, 2010 at 14:49"
http://p3-raw.greenpeace.org/seasia/Press-Centre/publications/The-Energy-Revolution/,"November 18, 2010 at 12:16"
http://p3-raw.greenpeace.org/seasia/Press-Centre/publications/Mindanao-at-an-energy-crossroads/,"November 19, 2010 at 11:44"
http://p3-raw.greenpeace.org/seasia/Press-Centre/publications/Coal-not-cheap-not-clean/,"November 19, 2010 at 12:03"
http://p3-raw.greenpeace.org/seasia/Press-Centre/publications/Protection-Money/,"November 23, 2010 at 9:00"
http://p3-raw.greenpeace.org/seasia/Press-Centre/publications/new-green-development-pathway/,"October 21, 2010 at 13:16"
http://p3-raw.greenpeace.org/seasia/Press-Centre/publications/batubara-mematikan/,"October 19, 2010 at 12:24"
http://p3-raw.greenpeace.org/seasia/Press-Centre/publications/common-platform-on-saving-indonesia-forests/,"October 13, 2010 at 11:04"
http://p3-raw.greenpeace.org/seasia/Press-Centre/publications/Thai-Rice-Industry-at-Risk/,"October 12, 2010 at 12:42"
http://p3-raw.greenpeace.org/seasia/news/Mansinam-Renewable-Energy/,"February 5, 2011 at 10:06"
http://p3-raw.greenpeace.org/seasia/news/Greenpeace-Oxfam-WWF-call-on-ASEAN-to-stand-up-for-climate-and-its-people-at-Cancun-Climate-Conference/,"December 8, 2010 at 9:30"
http://p3-raw.greenpeace.org/seasia/news/Thousands-call-for-clean-energy-in-Thailand/,"February 24, 2011 at 18:44"
http://p3-raw.greenpeace.org/seasia/news/Greenpeace-moves-to-decontaminate-Bt-eggplant-field-trial-site-in-the-Philippines/,"February 17, 2011 at 11:07"
http://p3-raw.greenpeace.org/seasia/turn-the-tide/turn-the-tide/10-years-in-the-future/,"September 13, 2010 at 8:59"
http://p3-raw.greenpeace.org/seasia/turn-the-tide/turn-the-tide/10-Victories/,"September 12, 2010 at 13:02"
http://p3-raw.greenpeace.org/seasia/news/Greenpeace-Publishes-Contested-Data-on-Indonesian-Forest-Development-/,"December 7, 2010 at 10:49"
http://p3-raw.greenpeace.org/seasia/news/Palm-Oil-Company-Announces-Plan-to-Halt-Forest-Destruction/,"February 9, 2011 at 12:34"
http://p3-raw.greenpeace.org/seasia/Press-Centre/Press-Releases/MCKINSEY-Advice-on-Rainforest-Schemes-Fundamentally-Flawed/,"April 7, 2011 at 16:17"
http://p3-raw.greenpeace.org/seasia/Press-Centre/Press-Releases/Indonesias-draft-plan-will-leave-rainforests-and-orang-utans-vulnerable/,"February 26, 2011 at 16:15"
http://p3-raw.greenpeace.org/seasia/Press-Centre/Press-Releases/10000-strong-human-chain-calls-to-quit-coal/,"February 24, 2011 at 16:07"
http://p3-raw.greenpeace.org/seasia/Press-Centre/Press-Releases/energyrevolution-in-mansinam/,"February 5, 2011 at 12:58"
http://p3-raw.greenpeace.org/seasia/System-templates/Thank-you-pages/already-confirmed/,"January 22, 2010 at 19:11"
http://p3-raw.greenpeace.org/seasia/Press-Centre/Press-Releases/Greenpeace-calls-on-ASEAN-governments-to-abandon-nukes-on-Chernobyl-anniversary/,"April 26, 2011 at 14:00"
http://p3-raw.greenpeace.org/seasia/Press-Centre/Press-Releases/facebook-go-green/,"February 4, 2011 at 8:33"
http://p3-raw.greenpeace.org/seasia/Press-Centre/Press-Releases/SBY-can-make-2011-a-Landmark-Year-for-Indonesias-forests/,"January 7, 2011 at 17:05"
http://p3-raw.greenpeace.org/seasia/Press-Centre/Press-Releases/Asia-Pulp-and-Paper-Awarded-Golden-Chainsaw/,"January 31, 2011 at 18:11"
http://p3-raw.greenpeace.org/seasia/turn-the-tide/turn-the-tide/10things/,"September 12, 2010 at 13:20"
http://p3-raw.greenpeace.org/seasia/turn-the-tide/the-rainbow-warrior/A-green-ship-for-a-green-planet/,"July 9, 2010 at 19:35"
http://p3-raw.greenpeace.org/seasia/turn-the-tide/the-rainbow-warrior/The-current-Rainbow-Warrior/,"July 9, 2010 at 19:10"
http://p3-raw.greenpeace.org/seasia/Press-Centre/Press-Releases/Moratorium-Maps-show-urgency-of-Forest-Clearance-Permit-Review/,"July 14, 2011 at 12:03"
http://p3-raw.greenpeace.org/seasia/Press-Centre/Press-Releases/Indonesian-Forests-Protection-Plan/,"May 20, 2011 at 16:33"
http://p3-raw.greenpeace.org/seasia/blog/world-bank-fails-to-heed-its-own-advice-on-cl/blog/52632/,"April 17, 2015 "
http://p3-raw.greenpeace.org/seasia/blog/women-will-change-the-world-for-all-our-sakes/blog/58918/,"March 8, 2017 "
http://p3-raw.greenpeace.org/seasia/blog/time-for-less-and-better-meat/blog/59031/,"March 24, 2017 "
http://p3-raw.greenpeace.org/seasia/multimedia/photo/Greenpeace-marks-the-25th-anniversary-of-the-Chernobyl-nuclear-disaster/,"April 26, 2011"
http://p3-raw.greenpeace.org/seasia/multimedia/photo/Greenpeace-launches-project-to-protect-Citarum-River-/,"May 3, 2011"
http://p3-raw.greenpeace.org/seasia/multimedia/videos/ASEAN-must-demonstrate-leadership-in-UN-climate-negotiations/,"April 5, 2011 at 11:40"
http://p3-raw.greenpeace.org/seasia/multimedia/videos/Water-pollution-in-Thailand/,"March 22, 2011 at 17:09"
http://p3-raw.greenpeace.org/seasia/multimedia/photo/Solidaritas-Untuk-Rakyat-Jepang/,"March 29, 2011"
http://p3-raw.greenpeace.org/seasia/multimedia/photo/quit-coal/,"February 24, 2011"
http://p3-raw.greenpeace.org/seasia/multimedia/photo/Indonesia-Forests/,"February 26, 2011"
http://p3-raw.greenpeace.org/seasia/multimedia/photo/ASEAN-must-demonstrate-leadership-in-UN-climate-negotiations/,"April 4, 2011"
http://p3-raw.greenpeace.org/seasia/multimedia/videos/Facebook-Unfriend-Coal-TV-ad/,"March 29, 2011 at 17:51"
http://p3-raw.greenpeace.org/seasia/multimedia/photo/Working-With-Forest-Communities/,"February 7, 2011"
http://p3-raw.greenpeace.org/seasia/blog/to-ensure-fish-for-the-future/blog/59136/,"April 7, 2017 "
http://p3-raw.greenpeace.org/seasia/blog/defending-mother-earth-to-the-death/blog/59172/,"April 12, 2017 "
http://p3-raw.greenpeace.org/seasia/blog/major-palm-oil-company-promises-to-protect-fo/blog/59294/,"April 28, 2017 "
http://p3-raw.greenpeace.org/seasia/blog/after-decades-of-lawlessness-could-the-seafoo/blog/59533/,"May 30, 2017 "
http://p3-raw.greenpeace.org/seasia/blog/just-because-you-dont-see-it-doesnt-mean-it-w/blog/59898/,"July 20, 2017 "
http://p3-raw.greenpeace.org/seasia/blog/winning-on-the-worlds-largest-tuna-company-an/blog/59832/,"July 11, 2017 "
http://p3-raw.greenpeace.org/seasia/blog/producer-responsibility-the-key-to-solving-th/blog/59748/,"June 14, 2017 "
http://p3-raw.greenpeace.org/seasia/blog/why-i-ran-to-thai-union-why-i-stand-for-tuna-/blog/59571/,"June 2, 2017 "
http://p3-raw.greenpeace.org/seasia/blog/live-to-eat-and-eat-to-live-long/blog/59949/,"July 28, 2017 "
http://p3-raw.greenpeace.org/seasia/blog/preventing-and-extinguishing-fires-for-forest/blog/60284/,"September 22, 2017 "
http://p3-raw.greenpeace.org/seasia/Press-Centre/publications/Greenpeace-open-letter-to-ministry-of-foreign-affairs/,"October 21, 2010 at 11:56"
http://p3-raw.greenpeace.org/seasia/multimedia/photo/Greenpeace-Mourners-Mark-Death-of-Indonesias-Peatlands/,"September 16, 2014"
http://p3-raw.greenpeace.org/seasia/multimedia/photo/2014-Year-in-Pictures/,"December 27, 2014"
http://p3-raw.greenpeace.org/seasia/multimedia/photo/El-Nino-in-Southeast-Asia/,"May 17, 2016"
http://p3-raw.greenpeace.org/seasia/multimedia/videos/turn-the-tide/,"December 15, 2016 at 15:00"
http://p3-raw.greenpeace.org/seasia/multimedia/videos/beriberi/,"December 16, 2016 at 15:25"
http://p3-raw.greenpeace.org/seasia/multimedia/photo/Haze-in-Southeast-Asia/,"June 24, 2013"
http://p3-raw.greenpeace.org/seasia/multimedia/photo/Haze-Witness/,"November 26, 2014"
http://p3-raw.greenpeace.org/seasia/blog/greenpeace-launches-first-office-in-kuala-lum/blog/59967/,"August 1, 2017 "
http://p3-raw.greenpeace.org/seasia/multimedia/videos/trafficking/,"December 16, 2016 at 16:31"
http://p3-raw.greenpeace.org/seasia/multimedia/photo/Even-Deep-Peatlands-Are-Destroyed-in-Our-Tigers-Habitat/,"September 29, 2011"
http://p3-raw.greenpeace.org/seasia/multimedia/photo/Blessing-ceremony-from-local-community-for-Tigers-eye-Tour/,"September 22, 2011"
http://p3-raw.greenpeace.org/seasia/multimedia/photo/Saving-Sumatra/,"October 20, 2010 at 9:18"
http://p3-raw.greenpeace.org/seasia/multimedia/photo/Greenpeace-Find-Forest-Destruction/,"September 23, 2011"
http://p3-raw.greenpeace.org/seasia/multimedia/photo/Turn-The-Tide-72-Hours-Nonstop-Broadast-to-Save-Environment/,"November 25, 2010"
http://p3-raw.greenpeace.org/seasia/multimedia/photo/Mansinam-Renewable-Energy-Initiative/,"February 5, 2011"
http://p3-raw.greenpeace.org/seasia/multimedia/photo/Open-boat-in-General-Santos-andTampuan-dive/,"November 21, 2010"
http://p3-raw.greenpeace.org/seasia/multimedia/photo/Sarangani-communities-all-set-to-knock-out-coal/,"November 20, 2010"
http://p3-raw.greenpeace.org/seasia/multimedia/photo/Greenpeace-calls-on-Philippines-to-Turn-the-Tide/,"November 19, 2010"
http://p3-raw.greenpeace.org/seasia/multimedia/photo/groups-call-on-asean-leaders-to-take-real-action-in-cancun-climate-talks/,"November 12, 2010"
http://p3-raw.greenpeace.org/seasia/multimedia/photo/Greenpeace-Water-Patrol-spotlights-chemical-discharge-pipes-along-Marikina-river/,"November 3, 2010"
http://p3-raw.greenpeace.org/seasia/multimedia/photo/Greenpeace-delivers-solar-panels-to-Malacanang/,"October 14, 2010"
http://p3-raw.greenpeace.org/seasia/multimedia/photo/Hentikan-Ketergantungan-Terhadap-Batubara/,"October 19, 2010"
http://p3-raw.greenpeace.org/seasia/multimedia/photo/obama-cut-emissions-not-forests/,"November 10, 2010"
http://p3-raw.greenpeace.org/seasia/blog/after-decades-of-lawlessness-could-the-seafoo/blog/59532/,"May 30, 2017 "
http://p3-raw.greenpeace.org/seasia/blog/chief-there-is-fire-at-sea/blog/61359/,"April 10, 2018 "
http://p3-raw.greenpeace.org/seasia/Press-Centre/publications/Greenpeace-and-Golden-Rice/hands-off-our-rice/hands-off-our-rice/,"October 15, 2009 at 14:55"
http://p3-raw.greenpeace.org/seasia/multimedia/photo/Indonesia-beauty-and-destruction/,"May 23, 2011"
http://p3-raw.greenpeace.org/seasia/multimedia/photo/Protect-Paradise/,"November 15, 2013"
http://p3-raw.greenpeace.org/seasia/multimedia/photo/Palm-Oil-Companies-Must-Accept-Responsibility-for-Indonesian-Fires/,"June 25, 2013"
http://p3-raw.greenpeace.org/seasia/multimedia/photo/ASEAN-urged-to-protect-environmental-rights-within-a-strong-human-rights-framework/,"November 16, 2012"
http://p3-raw.greenpeace.org/seasia/multimedia/photo/Orangutan-Confiscation-in-Tripa/,"June 14, 2012"
http://p3-raw.greenpeace.org/seasia/multimedia/photo/Kumi-Naidoo/,"October 14, 2010"
http://p3-raw.greenpeace.org/seasia/multimedia/photo/cso-platfrom-forest-protection-and-climate/,"October 14, 2010"
http://p3-raw.greenpeace.org/seasia/multimedia/photo/Rainbow-Warrior-22sep-gallery/,"September 22, 2010"
http://p3-raw.greenpeace.org/seasia/multimedia/photo/Rainbow-Warrior-in-Prachuab-Kirikhan/,"September 29, 2010"
http://p3-raw.greenpeace.org/seasia/multimedia/photo/Calls-on-Thai-PM-to-review-dirty-development-policies/,"October 1, 2010"
http://p3-raw.greenpeace.org/seasia/multimedia/videos/Rainbow-Warrior-arrives-in-Sichon/,"September 23, 2010 at 19:03"
http://p3-raw.greenpeace.org/seasia/multimedia/photo/Rainbow-Warrior-23sep-gallery/,"September 23, 2010"
http://p3-raw.greenpeace.org/seasia/multimedia/photo/Rainbow-Warrior-19sep-gallery/,"September 19, 2010"
http://p3-raw.greenpeace.org/seasia/multimedia/photo/Turn-the-Tide-20sep-01/,"September 20, 2010"
http://p3-raw.greenpeace.org/seasia/multimedia/videos/RW-openboat-18-19-sep/,"September 21, 2010 at 10:28"
http://p3-raw.greenpeace.org/seasia/multimedia/photo/Crew-members-from-The-Rainbow-Warrior-receive-a-warm-welcome-during-the-launch-of-the-Greenpeace-Turn-the-Tide-tour-in-Bangkok-Port-on-September-17-2010/,"September 17, 2010 at 17:03"
http://p3-raw.greenpeace.org/seasia/multimedia/photo/Thai-puppets-perform-during-the-launch-of-the-Greenpeace-Turn-the-Tide-tour-in-Bangkok-Port-on-September-17-2010/,"September 17, 2010 at 17:10"
http://p3-raw.greenpeace.org/seasia/multimedia/photo/Derek-Nicholls-Captain-of-the-Rainbow-Warrior-receives-a-warm-welcome-from-a-Thai-puppet-during-the-launch-of-the-Greenpeace-Turn-the-Tide-tour-in-Bangkok-Port-on-September-17-2010/,"September 17, 2010 at 17:14"
http://p3-raw.greenpeace.org/seasia/multimedia/photo/A-crew-member-from-The-Rainbow-Warrior-receives-a-warm-welcome-from-a-Thai-puppet-during-the-launch-of-the-Greenpeace-Turn-the-Tide-tour-in-Bangkok-Port-on-September-17-2010/,"September 17, 2010 at 17:19"
http://p3-raw.greenpeace.org/seasia/multimedia/photo/Thai-puppets-perform-during-the-launch-of-the-Greenpeace-Turn-the-Tide-tour-in-Bangkok-Port-on-September-17-20101/,"September 17, 2010 at 17:23"
http://p3-raw.greenpeace.org/seasia/multimedia/photo/Thai-puppets-perform-during-the-launch-of-the-Greenpeace-Turn-the-Tide-tour-in-Bangkok-Port-on-September-17-20102/,"September 17, 2010 at 17:26"
http://p3-raw.greenpeace.org/seasia/multimedia/photo/Thai-puppets-perform-during-the-launch-of-the-Greenpeace-Turn-the-Tide-tour-in-Bangkok-Port-on-September-17-20103/,"September 17, 2010 at 17:29"
http://p3-raw.greenpeace.org/seasia/multimedia/photo/Thai-puppets-perform-during-the-launch-of-the-Greenpeace-Turn-the-Tide-tour-in-Bangkok-Port-on-September-17-20104/,"September 17, 2010 at 17:33"
http://p3-raw.greenpeace.org/seasia/multimedia/photo/Turn-the-Tide-banner/,"September 17, 2010 at 11:49"
http://p3-raw.greenpeace.org/seasia/multimedia/photo/Senator-Rosana-poses-at-the-Rainbow-Warrior/,"September 17, 2010 at 12:01"
http://p3-raw.greenpeace.org/seasia/multimedia/photo/Rainbow-Warrior-in-Bangkok-140sep2010-6/,"September 15, 2010 at 16:55"
http://p3-raw.greenpeace.org/seasia/multimedia/photo/Rainbow-Warrior-in-Bangkok-140sep2010-7/,"September 15, 2010 at 16:55"
http://p3-raw.greenpeace.org/seasia/multimedia/photo/Rainbow-Warrior-in-Bangkok-140sep2010-slide/,"September 15, 2010"
http://p3-raw.greenpeace.org/seasia/multimedia/photo/Rainbow-Warrior-18sep-gallery/,"September 18, 2010"
http://p3-raw.greenpeace.org/seasia/multimedia/videos/Turn-the-Tide-Rainbow-Warriors-Tour-of-Southeast-Asia/,"September 13, 2010 at 9:02"
http://p3-raw.greenpeace.org/seasia/multimedia/photo/RAINBOW-WARRIOR-under-sail-in-the-North-Pacific/,"September 13, 2010 at 22:23"
http://p3-raw.greenpeace.org/seasia/multimedia/photo/The-Rainbow-Warrior/,"September 13, 2010 at 22:34"
http://p3-raw.greenpeace.org/seasia/multimedia/photo/Rainbow-Warrior-with-full-sail-off-Hawaii-after-her-re-fit-in-the-USA/,"September 13, 2010 at 22:40"
http://p3-raw.greenpeace.org/seasia/multimedia/photo/RAINBOW-WARRIOR-in-Russian-Far-East/,"September 13, 2010 at 22:44"
http://p3-raw.greenpeace.org/seasia/multimedia/photo/RAINBOW-WARRIOR-in-Bering-Sea-off-the-Alaskan-coast/,"September 13, 2010 at 22:48"
http://p3-raw.greenpeace.org/seasia/multimedia/photo/Rainbow-Warrior-II-sailing-through-Gulf-of-Khambat-Arabian-Sea/,"September 13, 2010 at 22:57"
http://p3-raw.greenpeace.org/seasia/multimedia/photo/RAINBOW-WARRIOR-sailing-near-Stac-Lee-North-Atlantic-off-West-Scotland/,"September 13, 2010 at 23:01"
http://p3-raw.greenpeace.org/seasia/multimedia/photo/The-Rainbow-Warrior1/,"September 13, 2010 at 23:04"
http://p3-raw.greenpeace.org/seasia/multimedia/photo/View-of-stern-of-Rainbow-Warrior-with-blue-sails-out-cloudy-sky-in-background/,"September 13, 2010 at 23:07"
http://p3-raw.greenpeace.org/seasia/blog/Playing-with-fire-why-I-want-to-stop-the-haze/,"December 9, 2014 at 15:52"
http://p3-raw.greenpeace.org/seasia/feature-stories/World-Bank-fails-to-heed-its-own-advice-on-climate-change-and-risks-to-the-poor-continues-support-for-coal-in-Indonesia/,"April 17, 2015 at 11:00"
http://p3-raw.greenpeace.org/seasia/feature-stories/Open-Letter-to-the-Plantation-Industry-in-Indonesia/,"October 29, 2015 at 20:00"
http://p3-raw.greenpeace.org/seasia/news/Indonesia-Civil-Society-calls-for-full-forest-protection-to-save-the-global-climate/,"October 14, 2010 at 9:35"
http://p3-raw.greenpeace.org/seasia/news/Greenpeace-delivers-solar-panels-to-Malacanang/,"October 14, 2010 at 7:00"
http://p3-raw.greenpeace.org/seasia/news/disappointed-awaits-clearance-for-rainbowwarrior/,"October 18, 2010 at 17:20"
http://p3-raw.greenpeace.org/seasia/blog/i-am-the-voice-for-the-voiceless/blog/58845/,"February 17, 2017 "
http://p3-raw.greenpeace.org/seasia/news/rainbowwarrior-denied-emergency-supplies/,"October 21, 2010 at 16:18"
http://p3-raw.greenpeace.org/seasia/news/Obama-announces-inadequate-funding-for-Indonesian-forest-conservation/,"November 10, 2010 at 19:17"
http://p3-raw.greenpeace.org/seasia/news/We-have-the-right-to-know/,"November 3, 2010 at 12:17"
http://p3-raw.greenpeace.org/seasia/news/Norway-and-Indonesia-deal-could-be-a-model/,"November 23, 2010 at 9:00"
http://p3-raw.greenpeace.org/seasia/news/Tigers-expose-Asia-Pulp-and-Paper-greenwash/,"September 28, 2011 at 8:16"
http://p3-raw.greenpeace.org/seasia/news/Success-Barbie-and-Mattel-drop-deforestation/,"October 5, 2011 at 18:35"
http://p3-raw.greenpeace.org/seasia/news/Greenpeace-director-refused-entry-to-Indonesia-following-smear-campaign/,"October 14, 2011 at 10:00"
http://p3-raw.greenpeace.org/seasia/news/Point-of-No-Return/,"January 23, 2013 at 20:00"
http://p3-raw.greenpeace.org/seasia/news/How-the-toy-sector-and-APP-are-responding-to-our-Indonesia-forest-campaign/,"June 14, 2011 at 15:47"
http://p3-raw.greenpeace.org/seasia/news/One-year-after-Nestle-committed-to-giving-rainforests-a-break--what-has-been-achieved/,"May 23, 2011 at 15:50"
http://p3-raw.greenpeace.org/seasia/blog/celebrating-malaysia-day-away-from-home-for-t/blog/60362/,"October 3, 2017 "
http://p3-raw.greenpeace.org/seasia/blog/girl-power-at-finest-the-ladies-of-tim-cegah-/blog/60422/,"October 11, 2017 "
http://p3-raw.greenpeace.org/seasia/blog/wings-of-paradise-drawing-attention-to-rainfo/blog/61882/,"September 18, 2018 "
http://p3-raw.greenpeace.org/seasia/blog/many-activists-start-out-as-lonely-people-but/blog/62150/,"March 20, 2019 "
http://p3-raw.greenpeace.org/seasia/multimedia/photo/Rainbow-Warrior-in-Bangkok-140sep2010-4/,"September 15, 2010 at 16:55"
http://p3-raw.greenpeace.org/seasia/multimedia/photo/Rainbow-Warrior-in-Bangkok-140sep2010-5/,"September 15, 2010 at 16:55"
http://p3-raw.greenpeace.org/seasia/multimedia/photo/Rainbow-Warrior-in-Bangkok-140sep2010-8/,"September 15, 2010 at 16:55"
http://p3-raw.greenpeace.org/seasia/multimedia/photo/RAINBOW-WARRIOR-in-full-sail-in-South-Pacific-en-route-to-Moruroa/,"September 13, 2010 at 23:09"
http://p3-raw.greenpeace.org/seasia/multimedia/photo/Rainbow-Warrior-in-Bangkok-140sep2010-1/,"September 15, 2010 at 16:31"
http://p3-raw.greenpeace.org/seasia/multimedia/photo/Rainbow-Warrior-in-Bangkok-140sep2010-2/,"September 15, 2010 at 16:55"
http://p3-raw.greenpeace.org/seasia/multimedia/photo/Rainbow-Warrior-in-Bangkok-140sep2010-3/,"September 15, 2010 at 16:55"
http://p3-raw.greenpeace.org/seasia/multimedia/photo/Forest-Solutions/,"June 12, 2012"
http://p3-raw.greenpeace.org/seasia/multimedia/photo/Greenpeace-celebrates-the-policy-of-Thai-rice-GMO-free-and-exhibit-three-dimensional-art/,"June 2, 2011"
http://p3-raw.greenpeace.org/seasia/multimedia/photo/I-am-Berani/,"May 15, 2011"
http://p3-raw.greenpeace.org/seasia/multimedia/videos/Rainbow-Warrior-calls-on-Thailand-Turn-the-Tide/,"September 17, 2010 at 5:00"
http://p3-raw.greenpeace.org/seasia/Press-Centre/publications/Supply-Chained/,"November 4, 2015 at 21:00"
http://p3-raw.greenpeace.org/seasia/Press-Centre/publications/Myanmar-Coal-Report-2017/,"May 4, 2017 at 9:37"
http://p3-raw.greenpeace.org/seasia/Press-Centre/publications/Sea-to-Can-2018-Southeast-Asia-Canned-Tuna-Ranking/,"December 5, 2018 at 5:51"
http://p3-raw.greenpeace.org/seasia/Press-Centre/publications/Report-Lynas/,"August 29, 2014 at 9:28"
http://p3-raw.greenpeace.org/seasia/about-us/Annual-Reports/Annual-report-2015/,"November 3, 2016 at 13:43"
http://p3-raw.greenpeace.org/seasia/Press-Centre/publications/From-Sea-to-Can-2016-Southeast-Asia-Canned-Tuna-Ranking/,"November 16, 2016 at 10:41"
http://p3-raw.greenpeace.org/seasia/Press-Centre/publications/OCEANS-IN-THE-BALANCE-THAILAND-IN-FOCUS/,"June 26, 2013 at 18:00"
http://p3-raw.greenpeace.org/seasia/Press-Centre/publications/Still-Cooking-the-Climate/,"November 27, 2017 at 1:00"
http://p3-raw.greenpeace.org/seasia/Press-Centre/publications/polluting-paradise/,"April 16, 2018 at 13:08"
