http://p3-raw.greenpeace.org/portugal/pt/Multimedia/Slideshows/,"13. abril, 2010 em 23:00"
http://p3-raw.greenpeace.org/portugal/pt/participa/peticoes-online/reservas-marinhas/,"21. julho, 2010 em 15:26"
http://p3-raw.greenpeace.org/portugal/pt/relatorios/Nova-receita-para-o-bacalhau1/,"15. junho, 2010 em 14:37"
http://p3-raw.greenpeace.org/portugal/pt/noticias/Guerreiro-Verde/,"20. outubro, 2011 em 15:00"
http://p3-raw.greenpeace.org/portugal/pt/noticias/Bacalhau-nas-prateleiras-portuguesas/,"13. setembro, 2010 em 10:28"
http://p3-raw.greenpeace.org/portugal/pt/O-que-fazemos/Campanha-Dos-Oceanos-Mercados-em-Portugal/3-anos-de-campanha-em-Portugal/,"18. outubro, 2010 em 12:01"
http://p3-raw.greenpeace.org/portugal/pt/participa/peticoes-online/proteger-o-fundo-do-mar-2/,"16. setembro, 2009 em 9:45"
http://p3-raw.greenpeace.org/portugal/pt/greenpeace/a-greenpeace-em-portugal/,"21. fevereiro, 2008 em 10:25"
http://p3-raw.greenpeace.org/portugal/pt/greenpeace/estrutura-greenpeace/,"9. dezembro, 2008 em 8:10"
http://p3-raw.greenpeace.org/portugal/pt/greenpeace/vitorias/,"21. fevereiro, 2008 em 10:26"
http://p3-raw.greenpeace.org/portugal/pt/noticias/Navio-da-Greenpeace-inicia-expedicao-para-documentar-operacoes-de-pesca-no-Oceano-Arctico/,"10. junho, 2010 em 20:17"
http://p3-raw.greenpeace.org/portugal/pt/noticias/Activistas-da-Greenpeace-bloquearam-a-entrada-do-Pingo-Doce-do-Cais-do-Sodre-em-Lisboa/,"26. maio, 2010 em 20:33"
http://p3-raw.greenpeace.org/portugal/pt/relatorios/Uma-receita-para-o-desastre/,"5. maio, 2010 em 12:46"
http://p3-raw.greenpeace.org/portugal/pt/relatorios/Uma-Receita-para-a-Biodiversidade/,"6. maio, 2010 em 10:47"
http://p3-raw.greenpeace.org/portugal/pt/relatorios/lista-vermelha-peixes/,"24. junho, 2008 em 23:00"
http://p3-raw.greenpeace.org/portugal/pt/noticias/alerta-consumidores/,"15. maio, 2010 em 23:00"
http://p3-raw.greenpeace.org/portugal/pt/noticias/clima-oceanos/,"18. dezembro, 2009 em 23:00"
http://p3-raw.greenpeace.org/portugal/pt/noticias/torre-de-belem/,"29. novembro, 2009 em 23:00"
http://p3-raw.greenpeace.org/portugal/pt/noticias/supermercados-especies-vulneraveis/,"30. outubro, 2009 em 23:00"
http://p3-raw.greenpeace.org/portugal/pt/noticias/jeronimo-martins-esclarecimento/,"19. julho, 2009 em 23:00"
http://p3-raw.greenpeace.org/portugal/pt/imprensa/,"13. abril, 2010 em 23:00"
http://p3-raw.greenpeace.org/portugal/pt/participa/,"7. maio, 2010 em 7:48"
http://p3-raw.greenpeace.org/portugal/pt/O-que-fazemos/Campanha-Dos-Oceanos-Mercados-em-Portugal/que-significa-sustentavel/,"19. maio, 2009 em 11:07"
http://p3-raw.greenpeace.org/portugal/pt/My/test/,"13. abril, 2011 em 9:42"
http://p3-raw.greenpeace.org/portugal/pt/O-que-fazemos/Campanha-Dos-Oceanos-Mercados-em-Portugal/campanha-internacional/,"18. outubro, 2010 em 11:46"
http://p3-raw.greenpeace.org/portugal/pt/participa/blogues-e-redes-sociais/,"13. abril, 2010 em 23:00"
http://p3-raw.greenpeace.org/portugal/pt/participa/Voluntariado/,"13. julho, 2010 em 7:51"
http://p3-raw.greenpeace.org/portugal/pt/participa/consumidor/,"13. julho, 2010 em 8:03"
http://p3-raw.greenpeace.org/portugal/pt/O-que-fazemos/Campanha-Dos-Oceanos-Mercados-em-Portugal/,"13. abril, 2010 em 23:00"
http://p3-raw.greenpeace.org/portugal/pt/O-que-fazemos/oceanos/,"21. fevereiro, 2008 em 12:57"
http://p3-raw.greenpeace.org/portugal/pt/noticias/jeronimo-martins-destroi-oceanos/,"2. julho, 2009 em 23:00"
http://p3-raw.greenpeace.org/portugal/pt/noticias/espanha-navios-piratas/,"4. março, 2009 em 23:00"
http://p3-raw.greenpeace.org/portugal/pt/noticias/supermercados-inquerito-greenpeace/,"2. março, 2009 em 23:00"
http://p3-raw.greenpeace.org/portugal/pt/noticias/atum-iccat-2008-encontro/,"26. novembro, 2008 em 15:17"
http://p3-raw.greenpeace.org/portugal/pt/noticias/cabecas-atum-piratas/,"19. novembro, 2008 em 14:30"
http://p3-raw.greenpeace.org/portugal/pt/noticias/industria-pesca-colapso/,"14. outubro, 2008 em 14:07"
http://p3-raw.greenpeace.org/portugal/pt/noticias/piratas-na-lista-negra-greenpeace/,"2. outubro, 2008 em 23:00"
http://p3-raw.greenpeace.org/portugal/pt/noticias/lista-vermelha-portugal/,"24. junho, 2008 em 23:00"
http://p3-raw.greenpeace.org/portugal/pt/noticias/rock-in-rio-dia2/,"30. maio, 2008 em 23:00"
http://p3-raw.greenpeace.org/portugal/pt/noticias/rock-in-rio/,"28. maio, 2008 em 23:00"
http://p3-raw.greenpeace.org/portugal/pt/noticias/aquacultura-news/,"27. janeiro, 2008 em 23:00"
http://p3-raw.greenpeace.org/portugal/pt/noticias/peixe-conselho-fechado-bruxelas/,"13. dezembro, 2007 em 23:00"
http://p3-raw.greenpeace.org/portugal/pt/greenpeace/unidade-cientifica/,"21. fevereiro, 2008 em 10:27"
http://p3-raw.greenpeace.org/portugal/pt/greenpeace/historia-da-greenpeace/,"21. fevereiro, 2008 em 10:26"
http://p3-raw.greenpeace.org/portugal/pt/noticias/Greenpeace-pede-moratoria-para-pesca-de-arrasto-no-Oceano-Arctico/,"1. julho, 2010 em 8:09"
http://p3-raw.greenpeace.org/portugal/pt/relatorios/Lista-vermelha-de-bolso-leva-a-sempre-contigo/,"24. outubro, 2008 em 14:14"
http://p3-raw.greenpeace.org/portugal/pt/noticias/nacoes-unidas-aguas-internacionais/,"3. dezembro, 2009 em 23:00"
http://p3-raw.greenpeace.org/portugal/pt/noticias/nem-tudo-o-que-vem-a-rede-e-pe/,"16. outubro, 2009 em 23:00"
http://p3-raw.greenpeace.org/portugal/pt/noticias/premio-esp-ouro-jeronimo-martins/,"18. maio, 2009 em 23:00"
http://p3-raw.greenpeace.org/portugal/pt/subscrever-newsletter/,"26. julho, 2009 em 18:47"
http://p3-raw.greenpeace.org/portugal/pt/imprensa/arquivo/Acao-da-Greenpeace-na-final-da-Champions-League/,"24. maio, 2014 em 20:44"
http://p3-raw.greenpeace.org/portugal/pt/O-que-fazemos/Campanha-Dos-Oceanos-Mercados-em-Portugal/lista-vermelha/,"26. junho, 2008 em 7:34"
http://p3-raw.greenpeace.org/portugal/pt/O-que-fazemos/Campanha-Dos-Oceanos-Mercados-em-Portugal/ranking3/,"12. maio, 2010 em 7:44"
http://p3-raw.greenpeace.org/portugal/pt/O-que-fazemos/Campanha-Dos-Oceanos-Mercados-em-Portugal/ranking/,"21. agosto, 2008 em 15:53"
http://p3-raw.greenpeace.org/portugal/pt/participa/blogues-e-redes-sociais/link-banner/,"7. maio, 2010 em 16:01"
http://p3-raw.greenpeace.org/portugal/pt/O-que-fazemos/oceanos/reservas-marinhas/,"10. abril, 2008 em 7:41"
http://p3-raw.greenpeace.org/portugal/pt/O-que-fazemos/oceanos/cultura-de-camarao/,"21. fevereiro, 2008 em 12:54"
http://p3-raw.greenpeace.org/portugal/pt/O-que-fazemos/oceanos/aquecimento-global/,"21. fevereiro, 2008 em 12:53"
http://p3-raw.greenpeace.org/portugal/pt/O-que-fazemos/oceanos/poluicao/,"21. fevereiro, 2008 em 12:54"
http://p3-raw.greenpeace.org/portugal/pt/noticias/ilhas-do-pac-fico-atum/,"20. maio, 2008 em 23:00"
http://p3-raw.greenpeace.org/portugal/pt/noticias/defender-o-mediterraneo/,"6. maio, 2008 em 23:00"
http://p3-raw.greenpeace.org/portugal/pt/noticias/greenpeace-descobre-nova-especie/,"28. abril, 2008 em 23:00"
http://p3-raw.greenpeace.org/portugal/pt/noticias/tempo-acabar-atum/,"19. abril, 2008 em 23:00"
http://p3-raw.greenpeace.org/portugal/pt/noticias/lei-internacional/,"1. abril, 2008 em 23:00"
http://p3-raw.greenpeace.org/portugal/pt/noticias/planos-capturar-985-baleias-falha/,"18. março, 2008 em 23:00"
http://p3-raw.greenpeace.org/portugal/pt/noticias/japoneses/,"26. fevereiro, 2008 em 23:00"
http://p3-raw.greenpeace.org/portugal/pt/noticias/greenpeace-lan-a-escrit-rio-vi/,"21. fevereiro, 2008 em 23:00"
http://p3-raw.greenpeace.org/portugal/pt/noticias/reabastecimento/,"22. janeiro, 2008 em 23:00"
http://p3-raw.greenpeace.org/portugal/pt/noticias/japoneses-esperanza/,"17. janeiro, 2008 em 23:00"
http://p3-raw.greenpeace.org/portugal/pt/participa/consumidor/faz-perguntas-no-supermercado/,"25. outubro, 2008 em 18:07"
http://p3-raw.greenpeace.org/portugal/pt/participa/peticoes-online/postal-bacalhau/,"21. agosto, 2008 em 15:59"
http://p3-raw.greenpeace.org/portugal/pt/participa/peticoes-online/peticao-reservas-marinhas/,"10. março, 2008 em 7:12"
http://p3-raw.greenpeace.org/portugal/pt/participa/Outras/ranking3/,"6. maio, 2010 em 12:23"
http://p3-raw.greenpeace.org/portugal/pt/participa/peticoes-online/proteger-o-fundo-do-mar/,"19. outubro, 2009 em 13:24"
http://p3-raw.greenpeace.org/portugal/pt/subscrever-newsletter/remover-email/,"7. novembro, 2008 em 9:59"
http://p3-raw.greenpeace.org/portugal/pt/subscrever-newsletter/confirmado/,"25. novembro, 2008 em 13:44"
http://p3-raw.greenpeace.org/portugal/pt/subscrever-newsletter/obrigado/,"11. dezembro, 2008 em 10:13"
http://p3-raw.greenpeace.org/portugal/pt/participa/ja/,"23. abril, 2008 em 6:58"
http://p3-raw.greenpeace.org/portugal/pt/greenpeace/valores/,"21. fevereiro, 2008 em 10:26"
http://p3-raw.greenpeace.org/portugal/pt/greenpeace/a-greenpeace-em-accao/,"21. fevereiro, 2008 em 10:24"
http://p3-raw.greenpeace.org/portugal/pt/imprensa/links1/,"10. julho, 2010 em 15:44"
http://p3-raw.greenpeace.org/portugal/pt/Ajuda/Direitos-de-autor/,"21. junho, 2010 em 12:51"
http://p3-raw.greenpeace.org/portugal/pt/Ajuda/Privacidade/,"21. junho, 2010 em 13:46"
http://p3-raw.greenpeace.org/portugal/pt/greenpeace/Como-actua-a-Greenpeace/,"25. maio, 2010 em 14:18"
http://p3-raw.greenpeace.org/portugal/pt/greenpeace/Perguntas-frequentes/,"20. julho, 2010 em 7:24"
http://p3-raw.greenpeace.org/portugal/pt/relatorios/criterios-de-grau-vermelho-d-2/,"24. junho, 2008 em 23:00"
http://p3-raw.greenpeace.org/portugal/pt/relatorios/criterios-de-grau-vermelho-d/,"24. junho, 2008 em 23:00"
http://p3-raw.greenpeace.org/portugal/pt/relatorios/modelo-politica-retalhistas/,"24. junho, 2008 em 23:00"
http://p3-raw.greenpeace.org/portugal/pt/O-que-fazemos/oceanos/aquacultura/,"21. fevereiro, 2008 em 12:54"
http://p3-raw.greenpeace.org/portugal/pt/O-que-fazemos/oceanos/captura/,"21. fevereiro, 2008 em 12:55"
http://p3-raw.greenpeace.org/portugal/pt/O-que-fazemos/oceanos/pescas-justas/,"21. fevereiro, 2008 em 12:55"
http://p3-raw.greenpeace.org/portugal/pt/O-que-fazemos/oceanos/atum/,"21. fevereiro, 2008 em 12:55"
http://p3-raw.greenpeace.org/portugal/pt/O-que-fazemos/oceanos/sobrepesca/,"21. fevereiro, 2008 em 12:56"
http://p3-raw.greenpeace.org/portugal/pt/O-que-fazemos/oceanos/pesca-pirata/,"21. fevereiro, 2008 em 12:56"
http://p3-raw.greenpeace.org/portugal/pt/O-que-fazemos/oceanos/pesca-de-arrasto/,"21. fevereiro, 2008 em 12:56"
http://p3-raw.greenpeace.org/portugal/pt/O-que-fazemos/oceanos/baleias/,"21. fevereiro, 2008 em 12:57"
http://p3-raw.greenpeace.org/portugal/pt/O-que-fazemos/Campanha-Dos-Oceanos-Mercados-em-Portugal/Pesca-de-profundidade/,"15. julho, 2010 em 7:29"
http://p3-raw.greenpeace.org/portugal/pt/System-templates/widgets/,"26. julho, 2009 em 17:22"
http://p3-raw.greenpeace.org/portugal/pt/imprensa/fotos/,"3. abril, 2009 em 16:30"
http://p3-raw.greenpeace.org/portugal/pt/imprensa/arquivo/,"23. setembro, 2008 em 13:28"
http://p3-raw.greenpeace.org/portugal/pt/Multimedia/imagens/,"7. agosto, 2008 em 6:36"
http://p3-raw.greenpeace.org/portugal/pt/Multimedia/videos/,"21. abril, 2010 em 20:51"
http://p3-raw.greenpeace.org/portugal/pt/Multimedia/Webcams/,"13. abril, 2010 em 23:00"
http://p3-raw.greenpeace.org/portugal/pt/noticias/rockday1/,"29. maio, 2008 em 23:00"
http://p3-raw.greenpeace.org/portugal/pt/noticias/bruxelas-seafood-expo/,"22. abril, 2008 em 23:00"
http://p3-raw.greenpeace.org/portugal/pt/noticias/lyle-thurston-1937-2008/,"30. março, 2008 em 23:00"
http://p3-raw.greenpeace.org/portugal/pt/donativo/status-update/,"15. fevereiro, 2008 em 9:45"
http://p3-raw.greenpeace.org/portugal/pt/donativo/erro-no-processamento/,"16. fevereiro, 2008 em 12:04"
http://p3-raw.greenpeace.org/portugal/pt/donativo/obrigado/,"16. fevereiro, 2008 em 12:03"
http://p3-raw.greenpeace.org/portugal/pt/My/sign-up/,"21. dezembro, 2009 em 8:32"
http://p3-raw.greenpeace.org/portugal/pt/System-templates/Copied-from-International/System-templates/Snippets/Greener-electronics/GGE-Graph/,"18. maio, 2010 em 11:15"
http://p3-raw.greenpeace.org/portugal/pt/System-templates/Copied-from-International/System-templates/Snippets/Greener-electronics/Greener-electronics-versions/,"19. abril, 2010 em 12:53"
http://p3-raw.greenpeace.org/portugal/pt/System-templates/Copied-from-International/System-templates/Snippets/Follow-us-on---snippet/,"18. abril, 2010 em 13:28"
http://p3-raw.greenpeace.org/portugal/pt/System-templates/Copied-from-International/System-templates/Snippets/petition-widget/,"8. julho, 2010 em 12:03"
http://p3-raw.greenpeace.org/portugal/pt/System-templates/Copied-from-International/System-templates/Snippets/arctic-follow-us-on/,"25. maio, 2010 em 15:33"
http://p3-raw.greenpeace.org/portugal/pt/Ajuda/,"13. abril, 2010 em 23:00"
http://p3-raw.greenpeace.org/portugal/pt/relatorios/,"6. novembro, 2008 em 22:19"
http://p3-raw.greenpeace.org/portugal/pt/uma-receita-para-a-biodiversidade/,"6. maio, 2010 em 16:31"
http://p3-raw.greenpeace.org/portugal/pt/noticias/,"15. maio, 2010 em 15:11"
http://p3-raw.greenpeace.org/portugal/pt/O-que-fazemos/,"13. abril, 2010 em 23:00"
http://p3-raw.greenpeace.org/portugal/pt/greenpeace/,"25. novembro, 2008 em 9:07"
http://p3-raw.greenpeace.org/portugal/pt/noticias/Fomos-a-Final-da-Liga-de-Campeoes-Aqui-esta-o-porque/,"24. maio, 2014 em 21:18"
http://p3-raw.greenpeace.org/portugal/pt/participa/Outras/procura-se-vivo/raias/,"16. outubro, 2009 em 0:55"
http://p3-raw.greenpeace.org/portugal/pt/participa/Outras/procura-se-vivo/pescadas/,"16. outubro, 2009 em 8:20"
http://p3-raw.greenpeace.org/portugal/pt/O-que-fazemos/Campanha-Dos-Oceanos-Mercados-em-Portugal/Pesca-de-profundidade/Comunicado-conjunto---ONGA/,"14. outubro, 2009 em 7:40"
http://p3-raw.greenpeace.org/portugal/pt/O-que-fazemos/Campanha-Dos-Oceanos-Mercados-em-Portugal/lista-vermelha/que-pede-a-greenpeace/,"27. março, 2009 em 14:57"
http://p3-raw.greenpeace.org/portugal/pt/participa/consumidor/Lista-Vermelha-de-Bolso/,"22. julho, 2010 em 14:39"
http://p3-raw.greenpeace.org/portugal/pt/participa/consumidor/Pingo-Doce-esgota-os-oceanos/,"26. maio, 2010 em 13:14"
http://p3-raw.greenpeace.org/portugal/pt/O-que-fazemos/Campanha-Dos-Oceanos-Mercados-em-Portugal/Sera-que-ainda-podemos-comer-bacalhau/,"7. julho, 2010 em 9:07"
http://p3-raw.greenpeace.org/portugal/pt/O-que-fazemos/Campanha-Dos-Oceanos-Mercados-em-Portugal/Arctico-sob-pressao/,"7. julho, 2010 em 9:34"
http://p3-raw.greenpeace.org/portugal/pt/O-que-fazemos/Campanha-Dos-Oceanos-Mercados-em-Portugal/5-criterios/,"25. junho, 2008 em 11:12"
http://p3-raw.greenpeace.org/portugal/pt/O-que-fazemos/Campanha-Dos-Oceanos-Mercados-em-Portugal/que-pede-a-greenpeace/,"27. março, 2009 em 14:57"
http://p3-raw.greenpeace.org/portugal/pt/imprensa/arquivo/accao-sede-jeronimo-martins/,"2. julho, 2009 em 8:47"
http://p3-raw.greenpeace.org/portugal/pt/imprensa/arquivo/8-de-junho-dia-mundial-dos-oceanos/,"8. junho, 2009 em 17:44"
http://p3-raw.greenpeace.org/portugal/pt/imprensa/arquivo/pingo-doce-oceanos/,"18. maio, 2009 em 23:00"
http://p3-raw.greenpeace.org/portugal/pt/imprensa/arquivo/al-campo-supermercado/,"30. março, 2009 em 23:00"
http://p3-raw.greenpeace.org/portugal/pt/imprensa/arquivo/pesca-pirata-info-supermercados/,"4. dezembro, 2008 em 23:00"
http://p3-raw.greenpeace.org/portugal/pt/imprensa/arquivo/atum-iccat-2008/,"23. novembro, 2008 em 23:00"
http://p3-raw.greenpeace.org/portugal/pt/imprensa/arquivo/navios-aveiro-pirata/,"27. outubro, 2008 em 23:00"
http://p3-raw.greenpeace.org/portugal/pt/imprensa/arquivo/greenpeace-chumba-suppermercados-portugueses/,"18. agosto, 2008 em 23:00"
http://p3-raw.greenpeace.org/portugal/pt/imprensa/arquivo/arctic-sunrise-chega-lisboa/,"17. agosto, 2008 em 23:00"
http://p3-raw.greenpeace.org/portugal/pt/imprensa/arquivo/greenpeace-publica-lista-verme/,"24. junho, 2008 em 23:00"
http://p3-raw.greenpeace.org/portugal/pt/participa/Outras/visita-navio-greenpeace-arctic-sunrise/arctic-sunrise-historia/,"14. agosto, 2008 em 15:02"
http://p3-raw.greenpeace.org/portugal/pt/participa/Outras/ranking3/envia/,"6. maio, 2010 em 12:24"
http://p3-raw.greenpeace.org/portugal/pt/participa/Outras/ranking3/explora/,"6. maio, 2010 em 12:24"
http://p3-raw.greenpeace.org/portugal/pt/participa/Outras/ranking3/ranking3d/,"6. maio, 2010 em 12:23"
http://p3-raw.greenpeace.org/portugal/pt/participa/Outras/visita-navio-greenpeace-arctic-sunrise/webcam-no-arctic-sunrise-2/,"24. outubro, 2008 em 9:13"
http://p3-raw.greenpeace.org/portugal/pt/participa/peticoes-online/proteger-o-fundo-do-mar/confirmado/,"9. outubro, 2009 em 10:31"
http://p3-raw.greenpeace.org/portugal/pt/participa/peticoes-online/investiga/instrucoes/,"26. janeiro, 2010 em 11:58"
http://p3-raw.greenpeace.org/portugal/pt/participa/blogues-e-redes-sociais/link-banner/comunidades-sociais/,"7. abril, 2008 em 16:09"
http://p3-raw.greenpeace.org/portugal/pt/participa/blogues-e-redes-sociais/link-banner/foruns/,"7. abril, 2008 em 8:02"
http://p3-raw.greenpeace.org/portugal/pt/participa/blogues-e-redes-sociais/link-banner/blogues/,"6. julho, 2009 em 19:42"
http://p3-raw.greenpeace.org/portugal/pt/participa/blogues-e-redes-sociais/link-banner/ajustar-tamanho/,"7. abril, 2008 em 7:49"
http://p3-raw.greenpeace.org/portugal/pt/O-que-fazemos/Campanha-Dos-Oceanos-Mercados-em-Portugal/ranking3/obrigado/,"6. maio, 2010 em 12:20"
http://p3-raw.greenpeace.org/portugal/pt/O-que-fazemos/Campanha-Dos-Oceanos-Mercados-em-Portugal/ranking3/crit7/,"6. maio, 2010 em 12:19"
http://p3-raw.greenpeace.org/portugal/pt/O-que-fazemos/Campanha-Dos-Oceanos-Mercados-em-Portugal/ranking3/crit5/,"6. maio, 2010 em 12:19"
http://p3-raw.greenpeace.org/portugal/pt/O-que-fazemos/Campanha-Dos-Oceanos-Mercados-em-Portugal/ranking3/crit4/,"6. maio, 2010 em 12:19"
http://p3-raw.greenpeace.org/portugal/pt/O-que-fazemos/Campanha-Dos-Oceanos-Mercados-em-Portugal/ranking3/crit3/,"6. maio, 2010 em 12:19"
http://p3-raw.greenpeace.org/portugal/pt/O-que-fazemos/Campanha-Dos-Oceanos-Mercados-em-Portugal/ranking3/crit2/,"5. maio, 2010 em 22:55"
http://p3-raw.greenpeace.org/portugal/pt/O-que-fazemos/Campanha-Dos-Oceanos-Mercados-em-Portugal/ranking3/super6/,"6. maio, 2010 em 12:18"
http://p3-raw.greenpeace.org/portugal/pt/O-que-fazemos/Campanha-Dos-Oceanos-Mercados-em-Portugal/ranking3/super5/,"7. maio, 2010 em 10:00"
http://p3-raw.greenpeace.org/portugal/pt/O-que-fazemos/Campanha-Dos-Oceanos-Mercados-em-Portugal/ranking3/super4/,"6. maio, 2010 em 12:13"
http://p3-raw.greenpeace.org/portugal/pt/O-que-fazemos/Campanha-Dos-Oceanos-Mercados-em-Portugal/ranking2/modelo-politica-retalhistas/,"19. maio, 2009 em 10:59"
http://p3-raw.greenpeace.org/portugal/pt/O-que-fazemos/Campanha-Dos-Oceanos-Mercados-em-Portugal/lista-vermelha/porque-lista-vermelha/,"15. dezembro, 2009 em 15:19"
http://p3-raw.greenpeace.org/portugal/pt/O-que-fazemos/Campanha-Dos-Oceanos-Mercados-em-Portugal/lista-vermelha/5-criterios/,"25. junho, 2008 em 11:12"
http://p3-raw.greenpeace.org/portugal/pt/O-que-fazemos/Campanha-Dos-Oceanos-Mercados-em-Portugal/ranking/download/,"5. maio, 2010 em 19:57"
http://p3-raw.greenpeace.org/portugal/pt/System-templates/Thank-you-pages/My-thank-you-pages/Thank-you-page-for-SilverPop/,"3. junho, 2010 em 16:38"
http://p3-raw.greenpeace.org/portugal/pt/System-templates/errors/errors/too-many-users/,"27. junho, 2006 em 9:58"
http://p3-raw.greenpeace.org/portugal/pt/participa/peticoes-online/proteger-o-fundo-do-mar-2/Obrigado/,"22. julho, 2010 em 12:11"
http://p3-raw.greenpeace.org/portugal/pt/System-templates/errors/404/,"31. outubro, 2008 em 13:21"
http://p3-raw.greenpeace.org/portugal/pt/System-templates/errors/500/,"31. outubro, 2008 em 13:23"
http://p3-raw.greenpeace.org/portugal/pt/My/sign-up/get-email/,"6. fevereiro, 2009 em 9:08"
http://p3-raw.greenpeace.org/portugal/pt/System-templates/Copied-from-International/System-templates/Snippets/gparctic-twitter-feed/,"21. maio, 2010 em 15:12"
http://p3-raw.greenpeace.org/portugal/pt/System-templates/Copied-from-International/System-templates/Snippets/Cool-IT-Sidebar-links/,"17. maio, 2010 em 9:17"
http://p3-raw.greenpeace.org/portugal/pt/System-templates/Copied-from-International/System-templates/Snippets/water-menu/,"28. abril, 2010 em 12:42"
http://p3-raw.greenpeace.org/portugal/pt/System-templates/Copied-from-International/System-templates/Snippets/Ships-menu/,"28. abril, 2010 em 1:19"
http://p3-raw.greenpeace.org/portugal/pt/System-templates/Copied-from-International/System-templates/Snippets/webcams/,"27. abril, 2010 em 15:54"
http://p3-raw.greenpeace.org/portugal/pt/System-templates/Copied-from-International/System-templates/Snippets/Things-you-can-do-list/,"21. abril, 2010 em 19:15"
http://p3-raw.greenpeace.org/portugal/pt/System-templates/Copied-from-International/System-templates/Snippets/Sidebar-twitter/,"19. abril, 2010 em 15:44"
http://p3-raw.greenpeace.org/portugal/pt/System-templates/Copied-from-International/System-templates/Snippets/Sidebar-twitter1/,"19. abril, 2010 em 15:44"
http://p3-raw.greenpeace.org/portugal/pt/participa/Outras/visita-navio-greenpeace-arctic-sunrise/webcam-no-arctic-sunrise-2/23-horas-atras/,"24. outubro, 2008 em 9:14"
http://p3-raw.greenpeace.org/portugal/pt/participa/Outras/visita-navio-greenpeace-arctic-sunrise/webcam-no-arctic-sunrise-2/1-hora-atras/,"24. outubro, 2008 em 9:14"
http://p3-raw.greenpeace.org/portugal/pt/participa/Outras/procura-se-vivo/olho-de-vidro-laranja/,"16. outubro, 2009 em 0:54"
http://p3-raw.greenpeace.org/portugal/pt/participa/Outras/procura-se-vivo/pota-argentina/,"16. outubro, 2009 em 0:53"
http://p3-raw.greenpeace.org/portugal/pt/participa/Outras/procura-se-vivo/camarao-atlantico-norte/,"16. outubro, 2009 em 0:51"
http://p3-raw.greenpeace.org/portugal/pt/participa/Outras/procura-se-vivo/alfonsins/,"16. outubro, 2009 em 0:49"
http://p3-raw.greenpeace.org/portugal/pt/participa/Outras/procura-se-vivo/arinca/,"16. outubro, 2009 em 0:48"
http://p3-raw.greenpeace.org/portugal/pt/participa/Outras/procura-se-vivo/tamboris/,"16. outubro, 2009 em 0:44"
http://p3-raw.greenpeace.org/portugal/pt/participa/Outras/procura-se-vivo/peixes-vermelhos/,"16. outubro, 2009 em 0:42"
http://p3-raw.greenpeace.org/portugal/pt/participa/Outras/procura-se-vivo/peixe-espada-preto/,"16. outubro, 2009 em 0:40"
http://p3-raw.greenpeace.org/portugal/pt/participa/Outras/procura-se-vivo/marlonga-negra/,"16. outubro, 2009 em 0:38"
http://p3-raw.greenpeace.org/portugal/pt/participa/Outras/procura-se-vivo/alabote-da-gronelandia/,"16. outubro, 2009 em 0:36"
http://p3-raw.greenpeace.org/portugal/pt/Multimedia/videos/Xutos--Pontapes-com-a-Greenpeace/,"6. junho, 2008 em 8:05"
http://p3-raw.greenpeace.org/portugal/pt/Multimedia/videos/Rock-in-Rio---Sam-The-Kid/,"31. maio, 2008 em 10:39"
http://p3-raw.greenpeace.org/portugal/pt/Multimedia/videos/Criancas-com-a-Greenpeace-no-Rock-in-Rio/,"9. junho, 2008 em 10:54"
http://p3-raw.greenpeace.org/portugal/pt/Multimedia/videos/O-Arctic-Sunrise-esteve-em-Portugal/,"24. agosto, 2008 em 16:58"
http://p3-raw.greenpeace.org/portugal/pt/Multimedia/videos/Rock-in-Rio---Lisboa---Greenpeace-vlog---Day-2/,"9. junho, 2008 em 17:20"
http://p3-raw.greenpeace.org/portugal/pt/Multimedia/videos/Video-Log-da-Greenpeace-na-Cidade-do-Rock---Dia-1/,"1. junho, 2008 em 10:48"
http://p3-raw.greenpeace.org/portugal/pt/Multimedia/videos/Accao-da-Greenpeace-no-Cais-do-Sodre/,"26. maio, 2010 em 9:41"
http://p3-raw.greenpeace.org/portugal/pt/participa/Outras/visita-navio-greenpeace-arctic-sunrise/mapa/,"14. agosto, 2008 em 14:26"
http://p3-raw.greenpeace.org/portugal/pt/participa/peticoes-online/natal/,"14. janeiro, 2009 em 12:00"
http://p3-raw.greenpeace.org/portugal/pt/participa/peticoes-online/kit-supermercados/,"14. outubro, 2008 em 6:50"
http://p3-raw.greenpeace.org/portugal/pt/System-templates/Thank-you-pages/already-confirmed/,"22. janeiro, 2010 em 12:11"
http://p3-raw.greenpeace.org/portugal/pt/Multimedia/Slideshows/oceanos-em-perigo/,"1. novembro, 2009 em 5:26"
http://p3-raw.greenpeace.org/portugal/pt/Multimedia/videos/o-fundo-da-linha/,"26. outubro, 2009 em 9:38"
http://p3-raw.greenpeace.org/portugal/pt/imprensa/info/brief-jeronimo-martins/,"2. julho, 2009 em 6:49"
http://p3-raw.greenpeace.org/portugal/pt/imprensa/arquivo/greenpeace-na-cidade-do-rock-2/,"29. maio, 2008 em 23:00"
http://p3-raw.greenpeace.org/portugal/pt/imprensa/arquivo/activistas-da-greenpeace-trava/,"22. abril, 2008 em 23:00"
http://p3-raw.greenpeace.org/portugal/pt/imprensa/arquivo/greenpeace-chega-a-portugal/,"21. fevereiro, 2008 em 23:00"
http://p3-raw.greenpeace.org/portugal/pt/System-templates/widgets/blogs/,"26. julho, 2009 em 17:32"
http://p3-raw.greenpeace.org/portugal/pt/System-templates/widgets/hi5/,"26. julho, 2009 em 17:29"
http://p3-raw.greenpeace.org/portugal/pt/System-templates/widgets/facebook/,"26. julho, 2009 em 17:27"
http://p3-raw.greenpeace.org/portugal/pt/System-templates/widgets/twitter/,"26. julho, 2009 em 17:24"
http://p3-raw.greenpeace.org/portugal/pt/imprensa/arquivo/Greenpeace-pede-moratoria-para-pesca-de-arrasto-no-Oceano-Arctico-/,"1. julho, 2010 em 8:25"
http://p3-raw.greenpeace.org/portugal/pt/imprensa/arquivo/Activistas-da-Greenpeace-bloqueiam-a-entrada-do-Pingo-Doce-do-Cais-do-Sodre-em-Lisboa/,"26. maio, 2010 em 8:31"
http://p3-raw.greenpeace.org/portugal/pt/Multimedia/videos/Apresento-vos-estes-dois-supermercados/,"6. maio, 2010 em 15:16"
http://p3-raw.greenpeace.org/portugal/pt/Multimedia/videos/Peixe-Morcego-Vulcanico-Cego/,"17. dezembro, 2009 em 15:30"
http://p3-raw.greenpeace.org/portugal/pt/Multimedia/videos/O-Fundo-da-Linha1/,"25. outubro, 2009 em 15:51"
http://p3-raw.greenpeace.org/portugal/pt/Multimedia/videos/Do-Mar-as-Prateleiras1/,"1. outubro, 2009 em 16:01"
http://p3-raw.greenpeace.org/portugal/pt/Multimedia/videos/Protesto-em-frente-a-sede-do-grupo-Jeronimo-Martins/,"20. julho, 2009 em 16:27"
http://p3-raw.greenpeace.org/portugal/pt/Multimedia/videos/Dia-Mundial-dos-Oceanos1/,"8. junho, 2009 em 16:33"
http://p3-raw.greenpeace.org/portugal/pt/Multimedia/videos/Pesca-de-arrasto-destroi-o-fundo-do-mar/,"13. novembro, 2008 em 16:44"
http://p3-raw.greenpeace.org/portugal/pt/Multimedia/videos/Os-oceanos-precisam-de-ajuda/,"17. outubro, 2008 em 16:49"
http://p3-raw.greenpeace.org/portugal/pt/imprensa/arquivo/Navio-da-Greenpeace-inicia-expedicao-para-documentar-operacoes-de-pesca-no-Oceano-Arctico/,"10. junho, 2010 em 8:35"
http://p3-raw.greenpeace.org/portugal/pt/O-que-fazemos/Campanha-Dos-Oceanos-Mercados-em-Portugal/Uma-Receita-para-a-Biodiversidade/,"7. julho, 2010 em 12:38"
http://p3-raw.greenpeace.org/portugal/pt/participa/Outras/lista-vermelha-de-bolso/,"28. outubro, 2008 em 8:58"
http://p3-raw.greenpeace.org/portugal/pt/participa/peticoes-online/contacta-sonae-distribuicao/,"21. agosto, 2008 em 15:58"
http://p3-raw.greenpeace.org/portugal/pt/participa/peticoes-online/contacta-jeronimo-martins-supermercados/,"19. maio, 2009 em 12:07"
http://p3-raw.greenpeace.org/portugal/pt/participa/supermercados/,"26. março, 2008 em 9:12"
http://p3-raw.greenpeace.org/portugal/pt/imprensa/get-press-releases-by-email/,"21. fevereiro, 2008 em 10:18"
http://p3-raw.greenpeace.org/portugal/pt/imprensa/info/,"19. maio, 2009 em 11:17"
http://p3-raw.greenpeace.org/portugal/pt/participa/Outras/visita-navio-greenpeace-arctic-sunrise/,"24. outubro, 2008 em 9:16"
http://p3-raw.greenpeace.org/portugal/pt/participa/peticoes-online/telefona-sonae/,"2. outubro, 2008 em 12:19"
http://p3-raw.greenpeace.org/portugal/pt/participa/peticoes-online/a-canon-pode-salvar-baleias/,"21. fevereiro, 2008 em 10:01"
http://p3-raw.greenpeace.org/portugal/pt/participa/peticoes-online/canon-baleias/,"1. abril, 2008 em 18:42"
http://p3-raw.greenpeace.org/portugal/pt/participa/peticoes-online/nao-so-pela-boca-morre-peixe/,"10. setembro, 2009 em 8:26"
http://p3-raw.greenpeace.org/portugal/pt/participa/peticoes-online/mensagem-luis-palha-da-silva/,"19. julho, 2009 em 9:34"
http://p3-raw.greenpeace.org/portugal/pt/participa/peticoes-online/o-pai-natal-onde-esta/,"18. dezembro, 2009 em 7:50"
http://p3-raw.greenpeace.org/portugal/pt/participa/Outras/pulp-fishin/,"14. abril, 2008 em 7:11"
http://p3-raw.greenpeace.org/portugal/pt/Ajuda/faq/,"21. junho, 2010 em 11:59"
http://p3-raw.greenpeace.org/portugal/pt/Multimedia/videos/Acidificacao-dos-oceanos/,"2. agosto, 2010 em 8:19"
http://p3-raw.greenpeace.org/portugal/pt/Multimedia/videos/Porque-criar-reservas-marinhas/,"2. agosto, 2010 em 8:37"
http://p3-raw.greenpeace.org/portugal/pt/participa/peticoes-online/protesto-jeronimo-martins-2-julho/,"21. julho, 2009 em 15:19"
http://p3-raw.greenpeace.org/portugal/pt/participa/peticoes-online/investiga/,"27. janeiro, 2010 em 8:00"
http://p3-raw.greenpeace.org/portugal/pt/participa/consumidor/vais-comprar-peixe/,"24. março, 2009 em 20:53"
http://p3-raw.greenpeace.org/portugal/pt/participa/peticoes-online/oceanos-em-perigo/,"13. outubro, 2009 em 15:28"
http://p3-raw.greenpeace.org/portugal/pt/participa/onde-esta-o-pai-natal-2/,"20. dezembro, 2009 em 9:39"
http://p3-raw.greenpeace.org/portugal/pt/participa/onde-esta-o-pai-natal/,"18. dezembro, 2009 em 7:42"
http://p3-raw.greenpeace.org/portugal/pt/participa/confirma/,"4. março, 2009 em 9:03"
http://p3-raw.greenpeace.org/portugal/pt/participa/exemplo-de-texto/,"9. outubro, 2008 em 7:33"
http://p3-raw.greenpeace.org/portugal/pt/participa/pede-supermercados-respondam/,"25. junho, 2008 em 11:59"
http://p3-raw.greenpeace.org/portugal/pt/imprensa/videos-portugal/,"20. fevereiro, 2008 em 14:57"
http://p3-raw.greenpeace.org/portugal/pt/Multimedia/imagens/Os-cientistas-calculam-que-existem-entre-500000-e-1-milhao-de-especies-que-vivem-nas-profundezas-dos-oceanos-/,"14. outubro, 2009 em 8:52"
http://p3-raw.greenpeace.org/portugal/pt/Multimedia/imagens/A-maioria-destas-especies-ainda-nao-foram-descobertas/,"14. outubro, 2009 em 8:55"
http://p3-raw.greenpeace.org/portugal/pt/Multimedia/imagens/Existem-mais-mapas-da-lua-do-que-do-fundo-dos-oceanos/,"14. outubro, 2009 em 9:00"
http://p3-raw.greenpeace.org/portugal/pt/Multimedia/imagens/Existem-entre-30000-e-100000-montanhas-com-mais-de-1000-metros-de-altura-no-fundo-dos-oceanos/,"14. outubro, 2009 em 9:03"
http://p3-raw.greenpeace.org/portugal/pt/Multimedia/imagens/As-novas-tecnologias-usadas-na-pesca-sao-tao-desenvolvidas-que-os-peixes-tem-poucas-oportunidades-de-escapar/,"14. outubro, 2009 em 9:12"
http://p3-raw.greenpeace.org/portugal/pt/Multimedia/imagens/Aproximadamente-98-das-especies-marinhas-vivem-junto-ao-fundo-do-oceano/,"14. outubro, 2009 em 9:17"
http://p3-raw.greenpeace.org/portugal/pt/Multimedia/imagens/Dois-tercos-de-todas-as-especies-de-corais-conhecidas-vivem-em-aguas-profundas/,"14. outubro, 2009 em 9:30"
http://p3-raw.greenpeace.org/portugal/pt/Multimedia/imagens/Existem-corais-no-fundo-do-oceano-que-tem-entre-5500-e-8500-anos/,"14. outubro, 2009 em 9:33"
http://p3-raw.greenpeace.org/portugal/pt/Multimedia/imagens/Milhares-de-toneladas-de-coral-sao-devolvidas-ao-mar-ja-sem-vida/,"14. outubro, 2009 em 9:39"
http://p3-raw.greenpeace.org/portugal/pt/Multimedia/imagens/As-profundezas-dos-oceanos-sao-particularmente-sensiveis-a-perturbacoes-externas/,"14. outubro, 2009 em 9:43"
http://p3-raw.greenpeace.org/portugal/pt/imprensa/fotos/aveiro5/,"27. outubro, 2008 em 23:00"
http://p3-raw.greenpeace.org/portugal/pt/imprensa/fotos/aveiro4/,"27. outubro, 2008 em 23:00"
http://p3-raw.greenpeace.org/portugal/pt/imprensa/fotos/aveiro2/,"27. outubro, 2008 em 23:00"
http://p3-raw.greenpeace.org/portugal/pt/imprensa/fotos/aveiro1/,"27. outubro, 2008 em 23:00"
http://p3-raw.greenpeace.org/portugal/pt/imprensa/fotos/activistas-da-greenpeace-infor-2/,"25. junho, 2008 em 0:00"
http://p3-raw.greenpeace.org/portugal/pt/imprensa/fotos/activistas-da-greenpeace-infor/,"25. junho, 2008 em 0:00"
http://p3-raw.greenpeace.org/portugal/pt/imprensa/fotos/lista-vermelha-peixe4/,"23. setembro, 2006 em 0:00"
http://p3-raw.greenpeace.org/portugal/pt/imprensa/fotos/lista-vermelha-peixes3/,"23. junho, 2008 em 23:00"
http://p3-raw.greenpeace.org/portugal/pt/imprensa/fotos/lista-vermelha-peixe1/,"23. junho, 2008 em 23:00"
http://p3-raw.greenpeace.org/portugal/pt/imprensa/fotos/voluntario-da-greenpeace-no-ro/,"1. junho, 2008 em 1:44"
http://p3-raw.greenpeace.org/portugal/pt/imprensa/fotos/ativistas-da-greenpeace-pendur/,"30. março, 2009 em 23:00"
http://p3-raw.greenpeace.org/portugal/pt/imprensa/fotos/aveiro3/,"27. outubro, 2008 em 23:00"
http://p3-raw.greenpeace.org/portugal/pt/imprensa/fotos/activista-da-greenpeace-com-a/,"25. junho, 2008 em 0:00"
http://p3-raw.greenpeace.org/portugal/pt/imprensa/fotos/lista-vermelha-peixe5/,"25. abril, 2008 em 0:00"
http://p3-raw.greenpeace.org/portugal/pt/imprensa/info/ranking2/,"19. maio, 2009 em 11:21"
http://p3-raw.greenpeace.org/portugal/pt/imprensa/arquivo/ranking3/,"5. maio, 2010 em 23:00"
http://p3-raw.greenpeace.org/portugal/pt/imprensa/arquivo/armador-silva-vieira-noruega/,"23. março, 2010 em 13:18"
http://p3-raw.greenpeace.org/portugal/pt/imprensa/arquivo/nacoes-unidas-oceanos/,"3. dezembro, 2009 em 23:00"
http://p3-raw.greenpeace.org/portugal/pt/imprensa/arquivo/activistas-greenpeace-torre-belem/,"29. novembro, 2009 em 23:00"
http://p3-raw.greenpeace.org/portugal/pt/imprensa/arquivo/accao-greenpeace-torre-belem/,"29. novembro, 2009 em 23:00"
http://p3-raw.greenpeace.org/portugal/pt/imprensa/arquivo/roadtour-terminou/,"28. outubro, 2009 em 23:00"
http://p3-raw.greenpeace.org/portugal/pt/imprensa/arquivo/pesca-profundidade-onga-portuguesas/,"15. outubro, 2009 em 23:00"
http://p3-raw.greenpeace.org/portugal/pt/imprensa/arquivo/resposta-comunicado-3-julho-jeronimo-martins/,"19. julho, 2009 em 23:00"
http://p3-raw.greenpeace.org/portugal/pt/imprensa/arquivo/pol-cia-detem-activistas-da-gr/,"1. julho, 2009 em 23:00"
http://p3-raw.greenpeace.org/portugal/pt/imprensa/fotos/pesca-acidental/,"15. outubro, 2009 em 23:00"
http://p3-raw.greenpeace.org/portugal/pt/imprensa/fotos/activistas-da-greenpeace-s-o-d-3/,"2. julho, 2009 em 0:00"
http://p3-raw.greenpeace.org/portugal/pt/imprensa/fotos/activistas-da-greenpeace-s-o-d/,"2. julho, 2009 em 0:00"
http://p3-raw.greenpeace.org/portugal/pt/imprensa/fotos/voluntarios-da-greenpeace-prep-2/,"2. julho, 2009 em 0:00"
http://p3-raw.greenpeace.org/portugal/pt/imprensa/fotos/activistas-da-greenpeace-pendu-2/,"2. julho, 2009 em 0:00"
http://p3-raw.greenpeace.org/portugal/pt/imprensa/fotos/activistas-da-greenpeace-pendu/,"2. julho, 2009 em 0:00"
http://p3-raw.greenpeace.org/portugal/pt/imprensa/fotos/ativista-da-greenpeace-com-fol/,"18. maio, 2009 em 23:00"
http://p3-raw.greenpeace.org/portugal/pt/imprensa/fotos/activistas-da-greenpeace-com-t/,"19. maio, 2009 em 0:00"
http://p3-raw.greenpeace.org/portugal/pt/imprensa/fotos/ativistas-da-greenpeace-pendur-3/,"30. março, 2009 em 23:00"
http://p3-raw.greenpeace.org/portugal/pt/imprensa/fotos/ativistas-da-greenpeace-pendur-2/,"30. março, 2009 em 23:00"
http://p3-raw.greenpeace.org/portugal/pt/Multimedia/Slideshows/Defensores-dos-oceanos/,"24. outubro, 2010"
http://p3-raw.greenpeace.org/portugal/pt/Multimedia/videos/Remove-o-carvao/,"16. setembro, 2010 em 8:00"
http://p3-raw.greenpeace.org/portugal/pt/Multimedia/Slideshows/show3/,"31. maio, 2008"
http://p3-raw.greenpeace.org/portugal/pt/Multimedia/Slideshows/show2/,"30. maio, 2008"
http://p3-raw.greenpeace.org/portugal/pt/imprensa/fotos/praia-de-santa-cruz-5/,"18. março, 2010 em 23:00"
http://p3-raw.greenpeace.org/portugal/pt/imprensa/fotos/praia-de-santa-cruz-2/,"22. março, 2010 em 23:00"
http://p3-raw.greenpeace.org/portugal/pt/imprensa/fotos/voluntario-da-greenpeace-distr/,"29. outubro, 2009 em 20:12"
http://p3-raw.greenpeace.org/portugal/pt/imprensa/fotos/pingo/,"28. outubro, 2009 em 23:00"
http://p3-raw.greenpeace.org/portugal/pt/imprensa/fotos/tubarao-fantasma-mar-Tasmania/,"15. outubro, 2009 em 23:00"
http://p3-raw.greenpeace.org/portugal/pt/imprensa/fotos/esta-fotografia-de-1989-mostra/,"15. outubro, 2009 em 23:00"
http://p3-raw.greenpeace.org/portugal/pt/Multimedia/videos/Cresce-e-arrefece/,"11. fevereiro, 2008 em 10:01"
http://p3-raw.greenpeace.org/portugal/pt/Multimedia/videos/Golfinhos-com-o-Esperanza/,"15. fevereiro, 2008 em 10:13"
http://p3-raw.greenpeace.org/portugal/pt/Multimedia/videos/Arrastando-um-jogo-de-futebol/,"15. fevereiro, 2008 em 10:20"
http://p3-raw.greenpeace.org/portugal/pt/Multimedia/videos/Nao-tens-que-te-juntar-a-nos-para-te-juntar-a-nos/,"22. fevereiro, 2008 em 10:32"
http://p3-raw.greenpeace.org/portugal/pt/Multimedia/imagens/Investigador-regista-informacoes-da-analise-de-amostras-de-agua/,"6. junho, 2010 em 7:11"
http://p3-raw.greenpeace.org/portugal/pt/Multimedia/Slideshows/Greenpeace-protesta-em-frente-a-sede-do-grupo-Jeronimo-Martins/,"3. julho, 2009"
http://p3-raw.greenpeace.org/portugal/pt/Multimedia/Slideshows/Premio-Espinha-de-Ouro-2009/,"19. maio, 2009"
http://p3-raw.greenpeace.org/portugal/pt/Multimedia/Slideshows/Arctic-Sunrise-vem-a-Lisboa/,"19. agosto, 2008"
http://p3-raw.greenpeace.org/portugal/pt/Multimedia/Slideshows/Greenpeace-publica-lista-vermelha-de-peixes/,"25. junho, 2008"
http://p3-raw.greenpeace.org/portugal/pt/Multimedia/imagens/Activistas-entregam-folhetos-sobre-pesca-sustentavel/,"26. maio, 2010 em 19:00"
http://p3-raw.greenpeace.org/portugal/pt/Multimedia/Slideshows/Voluntarios-da-Greenpeace-informam-consumidores/,"16. maio, 2010"
http://p3-raw.greenpeace.org/portugal/pt/Multimedia/Slideshows/Navios-Piratas-Portugueses-acorrentados-ao-porto-de-Aveiro/,"28. outubro, 2008"
http://p3-raw.greenpeace.org/portugal/pt/Multimedia/imagens/Activistas-da-Greenpeace-bloqueiam-a-entrada-do-Pingo-Doce-do-Cais-de-Sodre/,"26. maio, 2010 em 18:55"
http://p3-raw.greenpeace.org/portugal/pt/Multimedia/imagens/Activistas-entregam-folhetos-aos-consumidores-no-Cais-de-Sodre/,"26. maio, 2010 em 19:04"
http://p3-raw.greenpeace.org/portugal/pt/imprensa/fotos/greenpeace-contra-ge/,"18. fevereiro, 1997 em 23:00"
http://p3-raw.greenpeace.org/portugal/pt/imprensa/fotos/farmer-activist-and-leader-of-2/,"18. fevereiro, 2008 em 23:00"
http://p3-raw.greenpeace.org/portugal/pt/imprensa/fotos/activista-greenpeace-redes-25-abril/,"20. maio, 1998 em 23:00"
http://p3-raw.greenpeace.org/portugal/pt/imprensa/fotos/25-abril-banner/,"15. fevereiro, 2008 em 23:00"
http://p3-raw.greenpeace.org/portugal/pt/imprensa/fotos/activistas-14-paises-europeus-peixe/,"16. dezembro, 2007 em 23:00"
http://p3-raw.greenpeace.org/portugal/pt/imprensa/fotos/greenpeace-contacta-frota-japonesa/,"11. janeiro, 2008 em 23:00"
http://p3-raw.greenpeace.org/portugal/pt/imprensa/fotos/barco-insuflavel-tenta-impedir-Nisshin-Maru/,"6. fevereiro, 2008 em 23:00"
http://p3-raw.greenpeace.org/portugal/pt/imprensa/fotos/insuflavel-tenta-impedir-reabastecimento/,"21. janeiro, 2008 em 23:00"
http://p3-raw.greenpeace.org/portugal/pt/Multimedia/Slideshows/Navio-portugues-apreendido-em-aguas-norueguesas/,"23. março, 2010"
http://p3-raw.greenpeace.org/portugal/pt/Multimedia/imagens/64-dos-nossos-oceanos-sao-aguas-internacionais/,"14. outubro, 2009 em 8:39"
http://p3-raw.greenpeace.org/portugal/pt/Multimedia/imagens/Activista-vestido-de-peixe-esta-a-participar-em-accao-junto-do-Pingo-Doce/,"26. maio, 2010 em 19:50"
http://p3-raw.greenpeace.org/portugal/pt/Multimedia/Slideshows/Pingo-Doce-esgota-os-oceanos-de-Janeiro-a-Janeiro/,"26. maio, 2010"
http://p3-raw.greenpeace.org/portugal/pt/O-que-fazemos/Campanha-Dos-Oceanos-Mercados-em-Portugal/FAQ/,"19. junho, 2010 em 17:07"
http://p3-raw.greenpeace.org/portugal/pt/Multimedia/imagens/Camaras-captaram-imagens-cheias-de-biodiversidade-no-Arctico/,"13. junho, 2010 em 7:06"
http://p3-raw.greenpeace.org/portugal/pt/Multimedia/imagens/Navio-avistado-a-praticar-a-pesca-de-arrasto/,"12. junho, 2010 em 7:11"
http://p3-raw.greenpeace.org/portugal/pt/Multimedia/Slideshows/Expedicao-do-Esperanza-no-Oceano-Arctico/,"28. junho, 2010"
http://p3-raw.greenpeace.org/portugal/pt/Multimedia/imagens/Jetske-Nagtglas/,"17. junho, 2010 em 7:21"
http://p3-raw.greenpeace.org/portugal/pt/Multimedia/imagens/Navio-de-pesca-localizado-no-Oceano-Arctico/,"12. junho, 2010 em 7:32"
http://p3-raw.greenpeace.org/portugal/pt/Multimedia/imagens/Responsaveis-de-campanha-anotam-os-nomes-e-numeros-de-registo-do-navios-a-pescar-no-Oceano-Arctico/,"28. junho, 2010 em 7:35"
http://p3-raw.greenpeace.org/portugal/pt/Multimedia/videos/Greenpeace-descobre-nova-especie/,"29. abril, 2008 em 8:18"
http://p3-raw.greenpeace.org/portugal/pt/Multimedia/videos/Negocios-encerrados-na-Seafood-Expo/,"24. abril, 2008 em 8:21"
http://p3-raw.greenpeace.org/portugal/pt/Multimedia/videos/Greenpeace-chega-a-Portugal/,"19. fevereiro, 2008 em 8:25"
http://p3-raw.greenpeace.org/portugal/pt/Multimedia/videos/O-ultimo-capitulo-do-atum-rabilho/,"11. fevereiro, 2008 em 9:57"
http://p3-raw.greenpeace.org/portugal/pt/Multimedia/videos/Olhando-para-tras/,"11. fevereiro, 2008 em 10:06"
http://p3-raw.greenpeace.org/portugal/pt/Multimedia/videos/Inspira-Expira/,"8. fevereiro, 2008 em 10:27"
http://p3-raw.greenpeace.org/portugal/pt/Multimedia/imagens/a-roadtour-oceanos-em-perigo-t/,"30. outubro, 2009 em 23:00"
http://p3-raw.greenpeace.org/portugal/pt/Multimedia/imagens/a-loja-do-peixe-ambulante-vi/,"30. outubro, 2009 em 23:00"
http://p3-raw.greenpeace.org/portugal/pt/Multimedia/imagens/exposi-o-informativa-da-green/,"30. outubro, 2009 em 23:00"
http://p3-raw.greenpeace.org/portugal/pt/Multimedia/imagens/este-boneco-simpatico-capta-o/,"30. outubro, 2009 em 23:00"
http://p3-raw.greenpeace.org/portugal/pt/Multimedia/imagens/o-peixe-vermelho-e-triste-da-g/,"30. outubro, 2009 em 23:00"
http://p3-raw.greenpeace.org/portugal/pt/Multimedia/imagens/activista-da-greenpeace-esta-j/,"30. outubro, 2009 em 23:00"
http://p3-raw.greenpeace.org/portugal/pt/Multimedia/imagens/lanka-horstink-a-coordenadora/,"31. outubro, 2009 em 13:03"
http://p3-raw.greenpeace.org/portugal/pt/Multimedia/imagens/activista-da-greenpeace-a-port/,"30. outubro, 2009 em 23:00"
http://p3-raw.greenpeace.org/portugal/pt/Multimedia/imagens/no-dia-16-de-outubro-onze-org/,"30. outubro, 2009 em 23:00"
http://p3-raw.greenpeace.org/portugal/pt/Multimedia/imagens/a-campanha-oceanos-em-perigo-f/,"30. outubro, 2009 em 23:00"
http://p3-raw.greenpeace.org/portugal/pt/Multimedia/imagens/seabass-for-sale-at-fishmonger/,"15. janeiro, 2004 em 0:00"
http://p3-raw.greenpeace.org/portugal/pt/Multimedia/imagens/shelve-with-fish-austria/,"6. agosto, 2008 em 23:00"
http://p3-raw.greenpeace.org/portugal/pt/Multimedia/imagens/the-greenpeace-ship-my-arctic/,"22. junho, 2005 em 0:00"
http://p3-raw.greenpeace.org/portugal/pt/Multimedia/imagens/activistas-da-greenpeace-infor/,"25. junho, 2008 em 0:00"
http://p3-raw.greenpeace.org/portugal/pt/Multimedia/imagens/activistas-de-la-organizaci-n/,"25. junho, 2008 em 12:24"
http://p3-raw.greenpeace.org/portugal/pt/Multimedia/imagens/impr2/,"31. maio, 2008 em 23:00"
http://p3-raw.greenpeace.org/portugal/pt/Multimedia/imagens/impr/,"31. maio, 2008 em 23:00"
http://p3-raw.greenpeace.org/portugal/pt/Multimedia/imagens/cr3/,"31. maio, 2008 em 23:00"
http://p3-raw.greenpeace.org/portugal/pt/Multimedia/imagens/cr2/,"31. maio, 2008 em 23:00"
http://p3-raw.greenpeace.org/portugal/pt/Multimedia/imagens/4taste/,"31. maio, 2008 em 23:00"
http://p3-raw.greenpeace.org/portugal/pt/Multimedia/imagens/Esperanza-investiga-e-documenta-as-consequencias-da-pesca-de-arrasto-no-Arctico/,"14. junho, 2010 em 7:46"
http://p3-raw.greenpeace.org/portugal/pt/Multimedia/Webcams/webcam-arctic-sunrise/,"1. fevereiro, 2008 em 6:32"
http://p3-raw.greenpeace.org/portugal/pt/Multimedia/Webcams/Rainbow-Warrior/,"1. fevereiro, 2008 em 6:56"
http://p3-raw.greenpeace.org/portugal/pt/Multimedia/videos/Da-uma-mao-para-o-planeta/,"22. abril, 2010 em 9:34"
http://p3-raw.greenpeace.org/portugal/pt/Multimedia/videos/Vigiando-o-fundo-do-mar-de-Svalbard/,"1. julho, 2010 em 9:50"
http://p3-raw.greenpeace.org/portugal/pt/Multimedia/imagens/frente-pingo-doce-minipreco-6/,"16. maio, 2010 em 19:02"
http://p3-raw.greenpeace.org/portugal/pt/Multimedia/imagens/frente-pingo-doce-minipreco-5/,"16. maio, 2010 em 19:01"
http://p3-raw.greenpeace.org/portugal/pt/Multimedia/imagens/voluntarios-da-greenpeace-em-f/,"16. maio, 2010 em 18:57"
http://p3-raw.greenpeace.org/portugal/pt/Multimedia/imagens/frente-pingo-doce-minipreco-2/,"16. maio, 2010 em 18:56"
http://p3-raw.greenpeace.org/portugal/pt/Multimedia/imagens/tartaruga-verde-maldivas/,"10. julho, 2007 em 0:00"
http://p3-raw.greenpeace.org/portugal/pt/Multimedia/imagens/nuno/,"31. maio, 2008 em 23:00"
http://p3-raw.greenpeace.org/portugal/pt/Multimedia/imagens/boss/,"31. maio, 2008 em 23:00"
http://p3-raw.greenpeace.org/portugal/pt/Multimedia/imagens/xutos/,"31. maio, 2008 em 23:00"
http://p3-raw.greenpeace.org/portugal/pt/Multimedia/imagens/nbc/,"30. maio, 2008 em 23:00"
http://p3-raw.greenpeace.org/portugal/pt/Multimedia/imagens/tito-paris/,"30. maio, 2008 em 23:00"
http://p3-raw.greenpeace.org/portugal/pt/Multimedia/imagens/joao-gil/,"30. maio, 2008 em 23:00"
http://p3-raw.greenpeace.org/portugal/pt/Multimedia/imagens/veronica-larrenne/,"30. maio, 2008 em 23:00"
http://p3-raw.greenpeace.org/portugal/pt/Multimedia/imagens/expensive-soul/,"30. maio, 2008 em 23:00"
http://p3-raw.greenpeace.org/portugal/pt/Multimedia/imagens/voluntarios-2/,"30. maio, 2008 em 23:00"
http://p3-raw.greenpeace.org/portugal/pt/Multimedia/imagens/voluntarios/,"29. maio, 2008 em 23:00"
http://p3-raw.greenpeace.org/portugal/pt/Multimedia/imagens/activistas-da-greenpeace-no-su/,"30. outubro, 2009 em 23:00"
http://p3-raw.greenpeace.org/portugal/pt/Multimedia/imagens/jeronimo-martins-oceanos/,"2. julho, 2009 em 0:00"
http://p3-raw.greenpeace.org/portugal/pt/Multimedia/imagens/ativista-da-greenpeace-com-fol/,"19. maio, 2009 em 0:00"
http://p3-raw.greenpeace.org/portugal/pt/Multimedia/imagens/ativistas-da-greenpeace-com-tr/,"19. maio, 2009 em 0:00"
http://p3-raw.greenpeace.org/portugal/pt/Multimedia/imagens/beatriz-carvalho-responsavel/,"19. maio, 2009 em 0:00"
http://p3-raw.greenpeace.org/portugal/pt/Multimedia/imagens/ilha-de-elba/,"31. julho, 2007 em 0:00"
http://p3-raw.greenpeace.org/portugal/pt/Multimedia/imagens/greenpeace-activists-prevented/,"10. março, 2006 em 23:00"
http://p3-raw.greenpeace.org/portugal/pt/Multimedia/imagens/activistas-pao-de-acucar/,"24. junho, 2008 em 23:00"
http://p3-raw.greenpeace.org/portugal/pt/Multimedia/imagens/captive-bluefin-tuna-inside-a/,"26. novembro, 2008 em 14:39"
http://p3-raw.greenpeace.org/portugal/pt/Multimedia/imagens/atum-paris/,"19. novembro, 2008 em 7:36"
http://p3-raw.greenpeace.org/portugal/pt/Multimedia/imagens/sam-the-kid/,"29. maio, 2008 em 23:00"
http://p3-raw.greenpeace.org/portugal/pt/Multimedia/imagens/sms/,"29. maio, 2008 em 23:00"
http://p3-raw.greenpeace.org/portugal/pt/Multimedia/imagens/fotorir2/,"31. maio, 2008 em 5:19"
http://p3-raw.greenpeace.org/portugal/pt/Multimedia/imagens/cartao-baleia/,"27. maio, 2008 em 17:09"
http://p3-raw.greenpeace.org/portugal/pt/Multimedia/imagens/nao-atum-nao-futuro/,"24. abril, 2008 em 0:00"
http://p3-raw.greenpeace.org/portugal/pt/Multimedia/imagens/nova-especie-de-esponja-aaptos/,"29. abril, 2008 em 7:55"
http://p3-raw.greenpeace.org/portugal/pt/Multimedia/imagens/activists-present-message-dire/,"23. abril, 2008 em 16:10"
http://p3-raw.greenpeace.org/portugal/pt/Multimedia/imagens/gp-japao-nissin-maru-tokyo/,"15. abril, 2008 em 0:00"
http://p3-raw.greenpeace.org/portugal/pt/Multimedia/imagens/liberdade-para-os-mares/,"9. abril, 2008 em 23:00"
http://p3-raw.greenpeace.org/portugal/pt/Multimedia/imagens/greenpeace-japan-whales-campai/,"26. março, 2008 em 15:31"
http://p3-raw.greenpeace.org/portugal/pt/Multimedia/Slideshows/show33/,"31. maio, 2008"
http://p3-raw.greenpeace.org/portugal/pt/Multimedia/Slideshows/dia1/,"29. maio, 2008"
http://p3-raw.greenpeace.org/portugal/pt/imprensa/fotos/praia-de-santa-cruz-1/,"18. março, 2010 em 23:00"
http://p3-raw.greenpeace.org/portugal/pt/imprensa/fotos/um-membro-da-tripula-o-do-nav/,"15. outubro, 2009 em 23:00"
http://p3-raw.greenpeace.org/portugal/pt/imprensa/fotos/um-dos-membros-da-tripula-o-d/,"15. outubro, 2009 em 23:00"
http://p3-raw.greenpeace.org/portugal/pt/imprensa/fotos/activistas-da-greenpeace-s-o-d-2/,"2. julho, 2009 em 0:00"
http://p3-raw.greenpeace.org/portugal/pt/imprensa/fotos/activistas-da-greenpeace-pendu-3/,"2. julho, 2009 em 0:00"
http://p3-raw.greenpeace.org/portugal/pt/imprensa/fotos/beatriz-carvalho-responsavel/,"19. maio, 2009 em 0:00"
http://p3-raw.greenpeace.org/portugal/pt/imprensa/fotos/ativistas-da-greenpeace-pendur-4/,"2. abril, 2009 em 23:00"
http://p3-raw.greenpeace.org/portugal/pt/Multimedia/imagens/A-investigacao-cientifica-do-fundo-do-mar-e-dificil-e-dispendiosa/,"14. outubro, 2009 em 8:48"
http://p3-raw.greenpeace.org/portugal/pt/Multimedia/imagens/So-0001-do-fundo-dos-oceanos-esta-explorado/,"14. outubro, 2009 em 8:58"
http://p3-raw.greenpeace.org/portugal/pt/Multimedia/imagens/Actualmente-as-frotas-de-pesca-conseguem-pescar-em-profundidades-completamente-inacessiveis-ha-apenas-alguns-anos/,"14. outubro, 2009 em 9:06"
http://p3-raw.greenpeace.org/portugal/pt/Multimedia/imagens/Foram-identificadas-898-especies-numa-area-equivalente-a-metade-de-um-campo-de-tenis/,"14. outubro, 2009 em 9:26"
http://p3-raw.greenpeace.org/portugal/pt/Multimedia/imagens/Destruir-uma-floresta-para-cacar-alguns-coelhos/,"14. outubro, 2009 em 9:36"
http://p3-raw.greenpeace.org/portugal/pt/Multimedia/imagens/Numa-so-viagem-um-arrastao-pode-destruir-um-ecossistema-ancestral/,"14. outubro, 2009 em 9:46"
http://p3-raw.greenpeace.org/portugal/pt/Multimedia/imagens/Os-portugueses-sao-os-maiores-consumidores-de-peixe-per-capita-na-Europa/,"14. outubro, 2009 em 9:55"
http://p3-raw.greenpeace.org/portugal/pt/Multimedia/Slideshows/accao-greenpeace-torre-belem/,"30. novembro, 2009"
http://p3-raw.greenpeace.org/portugal/pt/Multimedia/videos/Kumi-Naidoo1/,"23. novembro, 2009 em 15:46"
http://p3-raw.greenpeace.org/portugal/pt/Multimedia/videos/Oceano-do-Pais-das-Maravilhas/,"26. setembro, 2009 em 16:20"
http://p3-raw.greenpeace.org/portugal/pt/Multimedia/imagens/esta-na-hora-de-parar-com-a-so/,"11. novembro, 2002 em 23:00"
http://p3-raw.greenpeace.org/portugal/pt/Multimedia/imagens/a-greenpeace-esta-contra-a-ca/,"24. dezembro, 1999 em 23:00"
http://p3-raw.greenpeace.org/portugal/pt/Multimedia/imagens/pormenor-do-petr-leo-ainda-exi/,"10. março, 2004 em 23:00"
http://p3-raw.greenpeace.org/portugal/pt/Multimedia/imagens/um-activista-da-greenpeace-mos/,"15. janeiro, 2008 em 23:00"
http://p3-raw.greenpeace.org/portugal/pt/Multimedia/imagens/greenpeace-documenta-o-navio-r/,"17. outubro, 1993 em 23:00"
http://p3-raw.greenpeace.org/portugal/pt/Multimedia/imagens/activistas-da-greenpeace-fazem/,"15. janeiro, 2008 em 23:00"
http://p3-raw.greenpeace.org/portugal/pt/Multimedia/imagens/justin-pratt-e-wolfgang-richer/,"15. janeiro, 2008 em 23:00"
http://p3-raw.greenpeace.org/portugal/pt/Multimedia/imagens/a-reserva-marinha-da-ilha-de-a/,"16. janeiro, 2008 em 15:21"
http://p3-raw.greenpeace.org/portugal/pt/Multimedia/imagens/activistas-da-greenpeace-repla/,"25. julho, 1998 em 23:00"
http://p3-raw.greenpeace.org/portugal/pt/Multimedia/imagens/golfinhos-mortos-devido-a-pesc/,"6. fevereiro, 2004 em 23:00"
http://p3-raw.greenpeace.org/portugal/pt/Multimedia/imagens/activista-da-greenpeace-com-a/,"25. junho, 2008 em 0:00"
http://p3-raw.greenpeace.org/portugal/pt/Multimedia/imagens/impr3/,"31. maio, 2008 em 23:00"
http://p3-raw.greenpeace.org/portugal/pt/Multimedia/imagens/vol3/,"31. maio, 2008 em 23:00"
http://p3-raw.greenpeace.org/portugal/pt/Multimedia/imagens/Recolhendo-imagens-do-fundo-dos-oceanos-no-Arctico/,"22. junho, 2010 em 7:15"
http://p3-raw.greenpeace.org/portugal/pt/Multimedia/imagens/Testes-de-camera-nas-aguas-do-Oceano-Arctico/,"19. junho, 2010 em 7:29"
http://p3-raw.greenpeace.org/portugal/pt/Multimedia/imagens/Pequenos-Icebergues-vieram-parar-a-Magdalenefjord/,"12. junho, 2010 em 7:42"
http://p3-raw.greenpeace.org/portugal/pt/Multimedia/Webcams/Esperanza/,"1. fevereiro, 2008 em 6:50"
http://p3-raw.greenpeace.org/portugal/pt/Multimedia/imagens/frente-pingo-doce-minipreco-4/,"16. maio, 2010 em 18:59"
http://p3-raw.greenpeace.org/portugal/pt/Multimedia/imagens/frente-pingo-doce-minipreco-1/,"16. maio, 2010 em 18:55"
http://p3-raw.greenpeace.org/portugal/pt/Multimedia/imagens/xix-cimeira-iberoamericana/,"30. novembro, 2009 em 12:53"
http://p3-raw.greenpeace.org/portugal/pt/imprensa/fotos/lista-vermelha-peixe2/,"23. junho, 2008 em 23:00"
http://p3-raw.greenpeace.org/portugal/pt/imprensa/fotos/activistas-greenpeace-acorrentam/,"22. abril, 2008 em 23:00"
http://p3-raw.greenpeace.org/portugal/pt/imprensa/fotos/577/,"19. fevereiro, 2008 em 23:00"
http://p3-raw.greenpeace.org/portugal/pt/Multimedia/imagens/em-todo-o-mundo-cerca-de-um-m/,"31. julho, 1998 em 23:00"
http://p3-raw.greenpeace.org/portugal/pt/Multimedia/imagens/pinguins-de-adelia-na-antarcti/,"7. fevereiro, 2007 em 23:00"
http://p3-raw.greenpeace.org/portugal/pt/Multimedia/imagens/golfinho-morto-acidentalmente/,"6. fevereiro, 2004 em 23:00"
http://p3-raw.greenpeace.org/portugal/pt/Multimedia/imagens/uma-escola-de-atum-numa-jaula/,"14. janeiro, 2008 em 23:00"
http://p3-raw.greenpeace.org/portugal/pt/Multimedia/imagens/navios-de-pesca-piratas-por/,"28. fevereiro, 1999 em 23:00"
http://p3-raw.greenpeace.org/portugal/pt/Multimedia/imagens/p-r-do-sol-no-mar/,"15. janeiro, 2008 em 7:33"
http://p3-raw.greenpeace.org/portugal/pt/Multimedia/imagens/fish-market-in-honiara/,"24. abril, 2008 em 0:00"
http://p3-raw.greenpeace.org/portugal/pt/Multimedia/imagens/bacalhau-pesca-pirata/,"14. setembro, 2006 em 0:00"
http://p3-raw.greenpeace.org/portugal/pt/Multimedia/imagens/bacalhau-mercado-peixe/,"15. março, 1995 em 0:00"
http://p3-raw.greenpeace.org/portugal/pt/Multimedia/imagens/greenpeace-contra-patentes-vida/,"4. outubro, 2000 em 23:00"
http://p3-raw.greenpeace.org/portugal/pt/Multimedia/imagens/the-fishing-boat-santa-cristin/,"28. julho, 2005 em 23:00"
http://p3-raw.greenpeace.org/portugal/pt/Multimedia/imagens/greenpeace-atrasa-descarga-madeira-portugal/,"21. março, 2005 em 23:00"
http://p3-raw.greenpeace.org/portugal/pt/Multimedia/imagens/kyo-maru-esperanza/,"6. fevereiro, 2008 em 23:00"
http://p3-raw.greenpeace.org/portugal/pt/Multimedia/imagens/artic-sunrise-chile/,"6. fevereiro, 2008 em 23:00"
http://p3-raw.greenpeace.org/portugal/pt/Multimedia/imagens/portugal-says-no-to-gmos-at-t/,"25. junho, 2004 em 23:00"
http://p3-raw.greenpeace.org/portugal/pt/Multimedia/imagens/criancas-jangada-madeira-indonesia/,"30. setembro, 1997 em 23:00"
http://p3-raw.greenpeace.org/portugal/pt/Multimedia/imagens/greenpece-deteve-descargas-residuos/,"15. junho, 1995 em 23:00"
http://p3-raw.greenpeace.org/portugal/pt/Multimedia/imagens/boca-de-lockhart-gordon-creek/,"30. setembro, 1998 em 23:00"
http://p3-raw.greenpeace.org/portugal/pt/Multimedia/imagens/alterando-logotipo-esso/,"24. outubro, 2002 em 23:00"
http://p3-raw.greenpeace.org/portugal/pt/Multimedia/imagens/cr/,"1. junho, 2008 em 0:00"
http://p3-raw.greenpeace.org/portugal/pt/Multimedia/imagens/vitorino/,"31. maio, 2008 em 23:00"
http://p3-raw.greenpeace.org/portugal/pt/Multimedia/imagens/vcr/,"30. maio, 2008 em 23:00"
http://p3-raw.greenpeace.org/portugal/pt/Multimedia/imagens/excessive-soul-2/,"30. maio, 2008 em 23:00"
http://p3-raw.greenpeace.org/portugal/pt/Multimedia/imagens/mangais-mortos-foram-devastad/,"30. novembro, 1998 em 23:00"
http://p3-raw.greenpeace.org/portugal/pt/Multimedia/imagens/coral-branqueado-devido-as-alt/,"31. março, 1998 em 23:00"
http://p3-raw.greenpeace.org/portugal/pt/Multimedia/imagens/um-voluntario-segura-um-corvo/,"4. dezembro, 2002 em 23:00"
http://p3-raw.greenpeace.org/portugal/pt/Multimedia/imagens/activistas-da-greenpeace-prote/,"10. julho, 2004 em 23:00"
http://p3-raw.greenpeace.org/portugal/pt/Multimedia/imagens/trabalhadores-descansam-sobre/,"3. agosto, 2004 em 23:00"
http://p3-raw.greenpeace.org/portugal/pt/Multimedia/imagens/uma-escola-de-atum-bluefin-n/,"14. janeiro, 2008 em 23:00"
http://p3-raw.greenpeace.org/portugal/pt/Multimedia/imagens/rui-veloso/,"30. maio, 2008 em 23:00"
http://p3-raw.greenpeace.org/portugal/pt/Multimedia/imagens/music/,"29. maio, 2008 em 23:00"
http://p3-raw.greenpeace.org/portugal/pt/Multimedia/imagens/curto-circuito/,"29. maio, 2008 em 23:00"
http://p3-raw.greenpeace.org/portugal/pt/Multimedia/imagens/fotorir/,"30. maio, 2008 em 23:00"
http://p3-raw.greenpeace.org/portugal/pt/Multimedia/imagens/coris-julis-over-a-zostera-sea/,"27. julho, 2006 em 0:00"
http://p3-raw.greenpeace.org/portugal/pt/Multimedia/imagens/reservas-marinhas-pacifico/,"22. abril, 2008 em 12:59"
http://p3-raw.greenpeace.org/portugal/pt/Multimedia/imagens/carne-lilegal-activistsas-exigem/,"29. março, 2008 em 0:00"
http://p3-raw.greenpeace.org/portugal/pt/Multimedia/imagens/a-equipa-para-portugal-da-gree/,"19. fevereiro, 2008 em 23:00"
http://p3-raw.greenpeace.org/portugal/pt/Multimedia/imagens/nisshin-maru-esperanza/,"19. fevereiro, 2008 em 14:46"
http://p3-raw.greenpeace.org/portugal/pt/Multimedia/imagens/um-barco-insuflavel-da-greenpe/,"9. fevereiro, 2008 em 23:00"
http://p3-raw.greenpeace.org/portugal/pt/Multimedia/imagens/marking-the-kyoto-protocol-s-b/,"15. fevereiro, 2005 em 23:00"
http://p3-raw.greenpeace.org/portugal/pt/Multimedia/imagens/torre-v-cama/,"6. dezembro, 2007 em 23:00"
http://p3-raw.greenpeace.org/portugal/pt/Multimedia/imagens/cerca-de-200-activistas-da-gre/,"16. dezembro, 2007 em 23:00"
http://p3-raw.greenpeace.org/portugal/pt/noticias/sera-que-a-canon-apoia-disparo/,"30. janeiro, 2008 em 23:00"
http://p3-raw.greenpeace.org/portugal/pt/noticias/contra-desflorestacao-africa/,"6. dezembro, 2007 em 23:00"
http://p3-raw.greenpeace.org/portugal/pt/noticias/navios-piratas-aveiro/,"27. outubro, 2008 em 23:00"
http://p3-raw.greenpeace.org/portugal/pt/noticias/artic-lisboa/,"20. agosto, 2008 em 23:00"
http://p3-raw.greenpeace.org/portugal/pt/noticias/greenpeace-descobre-uma-rede-d/,"14. maio, 2008 em 23:00"
http://p3-raw.greenpeace.org/portugal/pt/noticias/supermercados-pesca-pirata/,"4. dezembro, 2008 em 23:00"
http://p3-raw.greenpeace.org/portugal/pt/imprensa/fotos/148/,"19. fevereiro, 2008 em 23:00"
http://p3-raw.greenpeace.org/portugal/pt/imprensa/fotos/243/,"19. fevereiro, 2008 em 23:00"
http://p3-raw.greenpeace.org/portugal/pt/imprensa/fotos/accao-lisboa-pescas/,"17. fevereiro, 2008 em 23:00"
http://p3-raw.greenpeace.org/portugal/pt/Multimedia/imagens/roadtour/,"30. outubro, 2009"
http://p3-raw.greenpeace.org/portugal/pt/Multimedia/imagens/Accao-da-Greenpeace-na-Torre-de-Belem/,"30. novembro, 2009 em 9:51"
http://p3-raw.greenpeace.org/portugal/pt/Multimedia/imagens/Agentes-da-policia-durante-uma-accao-na-Torre-de-Belem/,"30. novembro, 2009 em 10:02"
http://p3-raw.greenpeace.org/portugal/pt/Multimedia/imagens/Policia-conversa-com-activista/,"26. maio, 2010 em 19:20"
http://p3-raw.greenpeace.org/portugal/pt/Multimedia/imagens/Esperanza-esta-no-Oceano-Arctico/,"25. maio, 2010 em 20:12"
http://p3-raw.greenpeace.org/portugal/pt/Multimedia/imagens/Em-poucas-decadas-todas-as-areas-vulneraveis-do-fundo-do-mar-terao-sido-arrasadas/,"14. outubro, 2009 em 9:49"
http://p3-raw.greenpeace.org/portugal/pt/Multimedia/imagens/Portugal-e-o-8-pais-mais-activo-na-pesca-em-alto-mar-no-mundo/,"14. outubro, 2009 em 9:52"
http://p3-raw.greenpeace.org/portugal/pt/Multimedia/imagens/O-mar-profundo-e-o-ultimo-refugio-dos-peixes/,"14. outubro, 2009 em 9:58"
http://p3-raw.greenpeace.org/portugal/pt/Multimedia/imagens/75-destas-aguas-nao-estao-regulamentadas/,"14. outubro, 2009 em 8:43"
http://p3-raw.greenpeace.org/portugal/pt/Multimedia/imagens/santa-cristina-portugal/,"27. julho, 2005 em 23:00"
http://p3-raw.greenpeace.org/portugal/pt/Multimedia/imagens/activista-da-greenpeace-coloca/,"28. outubro, 2008 em 17:36"
http://p3-raw.greenpeace.org/portugal/pt/Multimedia/imagens/albatrozes-mar-tasmania/,"9. junho, 2004 em 0:00"
http://p3-raw.greenpeace.org/portugal/pt/Multimedia/imagens/200-milhas-guine-bissau/,"6. abril, 2006 em 0:00"
http://p3-raw.greenpeace.org/portugal/pt/Multimedia/imagens/arctic-sunrise/,"19. agosto, 2008 em 23:00"
http://p3-raw.greenpeace.org/portugal/pt/Multimedia/imagens/arrastao-espanhol-pescar/,"5. setembro, 1990 em 0:00"
http://p3-raw.greenpeace.org/portugal/pt/Multimedia/Slideshows/Pesca-de-arrasto-em-alto-mar/,"14. outubro, 2009"
http://p3-raw.greenpeace.org/portugal/pt/Multimedia/imagens/samsung-anuncia-quimicos-perigosos/,"13. junho, 2004 em 23:00"
http://p3-raw.greenpeace.org/portugal/pt/Multimedia/imagens/arctic-sunrise-amazonia/,"7. dezembro, 2003 em 23:00"
http://p3-raw.greenpeace.org/portugal/pt/Multimedia/imagens/greetings-from-boston/,"5. março, 2008 em 23:00"
http://p3-raw.greenpeace.org/portugal/pt/Multimedia/imagens/esta-lula-foi-desperdi-ada-por/,"16. outubro, 2004 em 23:00"
http://p3-raw.greenpeace.org/portugal/pt/Multimedia/imagens/esta-na-hora-de-salvar-o-senh/,"14. janeiro, 2008 em 23:00"
http://p3-raw.greenpeace.org/portugal/pt/Multimedia/imagens/ac-o-da-greenpeace-na-ponte-2/,"18. fevereiro, 2008 em 23:00"
http://p3-raw.greenpeace.org/portugal/pt/Multimedia/imagens/nisshin-maru-esperanza-2/,"18. fevereiro, 2008 em 12:03"
http://p3-raw.greenpeace.org/portugal/pt/Multimedia/imagens/capa-relatorio-aquacultura/,"17. fevereiro, 2008 em 23:00"
http://p3-raw.greenpeace.org/portugal/pt/Multimedia/imagens/se-quiser-atirar-a-uma-baleia/,"17. fevereiro, 2008 em 23:00"
http://p3-raw.greenpeace.org/portugal/pt/Multimedia/imagens/um-atum-yellow-fin-a-ser-cor/,"3. agosto, 2004 em 23:00"
http://p3-raw.greenpeace.org/portugal/pt/Multimedia/imagens/o-navio-de-pesca-salvora-tenta/,"28. fevereiro, 1999 em 23:00"
http://p3-raw.greenpeace.org/portugal/pt/Multimedia/imagens/analise-componentes-electronicos/,"15. janeiro, 2008 em 23:00"
http://p3-raw.greenpeace.org/portugal/pt/Multimedia/imagens/a-greenpeace-encontra-a-frota/,"20. dezembro, 2005 em 23:00"
http://p3-raw.greenpeace.org/portugal/pt/Multimedia/imagens/rabo-de-uma-baleia-jubarte-dur/,"16. janeiro, 2008 em 14:05"
http://p3-raw.greenpeace.org/portugal/pt/Multimedia/imagens/o-navio-esperanza-e-o-maior-e/,"6. junho, 2002 em 23:00"
http://p3-raw.greenpeace.org/portugal/pt/Multimedia/imagens/fernando-pereira-fot-grafo-fr/,"15. janeiro, 2008 em 23:00"
http://p3-raw.greenpeace.org/portugal/pt/Multimedia/imagens/evacua-o-dos-habitantes-da-il/,"30. abril, 1985 em 23:00"
http://p3-raw.greenpeace.org/portugal/pt/Multimedia/imagens/tripula-o-do-phyllis-cormack/,"31. agosto, 1971 em 23:00"
http://p3-raw.greenpeace.org/portugal/pt/Multimedia/imagens/eu-africa-conferencia/,"4. dezembro, 2007 em 23:00"
http://p3-raw.greenpeace.org/portugal/pt/Multimedia/imagens/200-activistas-14-paises/,"3. fevereiro, 2008 em 23:00"
http://p3-raw.greenpeace.org/portugal/pt/Multimedia/imagens/jornalistas-visitam-o-navio-da/,"22. janeiro, 2008 em 23:00"
http://p3-raw.greenpeace.org/portugal/pt/Multimedia/imagens/activistas-da-greenpeace-de-14/,"23. janeiro, 2008 em 16:21"
http://p3-raw.greenpeace.org/portugal/pt/Multimedia/imagens/tartaruga-capturada-acidentalm/,"31. dezembro, 1988 em 23:00"
http://p3-raw.greenpeace.org/portugal/pt/Multimedia/imagens/dois-atuns-albacora/,"18. janeiro, 2008 em 16:53"
http://p3-raw.greenpeace.org/portugal/pt/Multimedia/imagens/mergulhadores-da-greenpeace-em/,"28. maio, 2006 em 23:00"
http://p3-raw.greenpeace.org/portugal/pt/Multimedia/imagens/activistas-do-greepeace-pendur/,"24. outubro, 2004 em 23:00"
http://p3-raw.greenpeace.org/portugal/pt/Multimedia/imagens/mergulhadores-da-greenpeace-ex/,"9. dezembro, 2002 em 23:00"
http://p3-raw.greenpeace.org/portugal/pt/Multimedia/imagens/um-tripulante-do-navio-da-gree/,"23. outubro, 2004 em 23:00"
http://p3-raw.greenpeace.org/portugal/pt/Multimedia/imagens/ursos-polares-no-oceano-artico/,"31. março, 2000 em 23:00"
http://p3-raw.greenpeace.org/portugal/pt/Multimedia/imagens/activistas-da-greenpeace-prote-2/,"16. janeiro, 2008 em 10:28"
http://p3-raw.greenpeace.org/portugal/pt/Multimedia/imagens/activistas-da-greenpeace-em-ac/,"31. outubro, 2002 em 23:00"
http://p3-raw.greenpeace.org/portugal/pt/Multimedia/imagens/marnee-benson-responsavel-pel/,"23. junho, 2004 em 23:00"
http://p3-raw.greenpeace.org/portugal/pt/Multimedia/imagens/cientista-da-greenpeace-no-lab/,"31. março, 2003 em 23:00"
http://p3-raw.greenpeace.org/portugal/pt/Multimedia/imagens/em-2008-celebra-se-o-10-anive/,"31. dezembro, 1988 em 23:00"
http://p3-raw.greenpeace.org/portugal/pt/Multimedia/imagens/dave-birmingham-i-a-a-vela-no/,"31. agosto, 1971 em 23:00"
http://p3-raw.greenpeace.org/portugal/pt/Multimedia/imagens/duas-baleias-jubarte-a-saltar/,"31. março, 2000 em 23:00"
http://p3-raw.greenpeace.org/portugal/pt/Multimedia/videos/Uma-gota-nos-oceanos/,"22. julho, 2010 em 9:19"
http://p3-raw.greenpeace.org/portugal/pt/Multimedia/videos/Inspiracao-para-Agir/,"21. abril, 2009 em 16:39"
http://p3-raw.greenpeace.org/portugal/pt/Multimedia/videos/Piratas-do-Pacifico-apanhados-pela-Greenpeace/,"28. outubro, 2008 em 8:12"
